Gencode.Id,Gene.Symbol,Variant.Id,SNP.Id,P.Value,NES,Tissue
ENSG00000204256.12,BRD2,chr6_33284784_A_G_b38,rs6906691,1.6e-05,-0.3,Lung
ENSG00000204256.12,BRD2,chr6_33525577_G_A_b38,rs577943996,5e-05,-0.32,Lung
ENSG00000070770.8,CSNK2A2,chr16_58165299_G_T_b38,rs2242445,5.2e-06,0.19,Lung
ENSG00000070770.8,CSNK2A2,chr16_58167855_A_G_b38,rs12920269,5.2e-06,0.19,Lung
ENSG00000070770.8,CSNK2A2,chr16_58168185_T_C_b38,rs16959755,5.2e-06,0.19,Lung
ENSG00000070770.8,CSNK2A2,chr16_58172539_T_G_b38,rs2550353,5.2e-06,0.19,Lung
ENSG00000070770.8,CSNK2A2,chr16_58174928_C_T_b38,rs2550355,5.2e-06,0.19,Lung
ENSG00000070770.8,CSNK2A2,chr16_58176983_G_A_b38,rs2731747,5.2e-06,0.19,Lung
ENSG00000070770.8,CSNK2A2,chr16_58180066_G_A_b38,rs2731750,5.2e-06,0.19,Lung
ENSG00000070770.8,CSNK2A2,chr16_58444011_T_C_b38,rs72790209,6.5e-06,0.33,Lung
ENSG00000070770.8,CSNK2A2,chr16_58441301_C_T_b38,rs4784947,8.1e-06,0.29,Lung
ENSG00000070770.8,CSNK2A2,chr16_58441525_G_A_b38,rs4784948,8.1e-06,0.29,Lung
ENSG00000070770.8,CSNK2A2,chr16_58441763_C_T_b38,rs72790208,8.1e-06,0.29,Lung
ENSG00000070770.8,CSNK2A2,chr16_58038666_A_G_b38,rs1436426,8.3e-06,0.17,Lung
ENSG00000070770.8,CSNK2A2,chr16_58163061_T_G_b38,rs35580381,9e-06,0.19,Lung
ENSG00000070770.8,CSNK2A2,chr16_58167069_C_T_b38,rs2292028,9e-06,0.19,Lung
ENSG00000070770.8,CSNK2A2,chr16_58174878_G_GT_b38,rs34431207,9e-06,0.19,Lung
ENSG00000070770.8,CSNK2A2,chr16_58066304_G_A_b38,rs12597233,9e-06,0.18,Lung
ENSG00000070770.8,CSNK2A2,chr16_58453591_A_T_b38,rs4076826,9.9e-06,0.3,Lung
ENSG00000070770.8,CSNK2A2,chr16_58170226_T_A_b38,rs2731749,1.2e-05,0.19,Lung
ENSG00000070770.8,CSNK2A2,chr16_58160422_A_G_b38,rs4784901,1.2e-05,0.17,Lung
ENSG00000070770.8,CSNK2A2,chr16_58161728_G_A_b38,rs3803585,1.2e-05,0.17,Lung
ENSG00000070770.8,CSNK2A2,chr16_58162094_G_T_b38,rs3803584,1.2e-05,0.17,Lung
ENSG00000070770.8,CSNK2A2,chr16_58165766_C_T_b38,rs2242444,1.2e-05,0.17,Lung
ENSG00000070770.8,CSNK2A2,chr16_58169102_A_AT_b38,rs35348144,1.2e-05,0.17,Lung
ENSG00000070770.8,CSNK2A2,chr16_58189175_T_C_b38,rs2550359,1.2e-05,0.17,Lung
ENSG00000070770.8,CSNK2A2,chr16_58190386_T_C_b38,rs2550360,1.2e-05,0.17,Lung
ENSG00000070770.8,CSNK2A2,chr16_58193140_G_A_b38,rs2550362,1.2e-05,0.17,Lung
ENSG00000070770.8,CSNK2A2,chr16_58194179_G_A_b38,rs2731758,1.2e-05,0.17,Lung
ENSG00000070770.8,CSNK2A2,chr16_58209184_A_G_b38,rs12931839,1.3e-05,0.18,Lung
ENSG00000070770.8,CSNK2A2,chr16_58081130_A_G_b38,rs7191378,1.3e-05,0.14,Lung
ENSG00000070770.8,CSNK2A2,chr16_58081332_G_A_b38,rs7189728,1.3e-05,0.14,Lung
ENSG00000070770.8,CSNK2A2,chr16_58082380_C_G_b38,rs1978798,1.3e-05,0.14,Lung
ENSG00000070770.8,CSNK2A2,chr16_58114680_G_A_b38,rs35432967,1.6e-05,0.19,Lung
ENSG00000070770.8,CSNK2A2,chr16_58453389_G_A_b38,rs1107277,1.6e-05,0.29,Lung
ENSG00000070770.8,CSNK2A2,chr16_58091935_G_A_b38,rs12934822,1.7e-05,0.17,Lung
ENSG00000070770.8,CSNK2A2,chr16_58130055_G_A_b38,rs34627215,1.8e-05,0.18,Lung
ENSG00000070770.8,CSNK2A2,chr16_58183836_T_C_b38,rs2731752,2e-05,0.16,Lung
ENSG00000070770.8,CSNK2A2,chr16_58059765_G_T_b38,rs12924451,2e-05,0.17,Lung
ENSG00000070770.8,CSNK2A2,chr16_58062380_C_G_b38,rs12918521,2e-05,0.17,Lung
ENSG00000070770.8,CSNK2A2,chr16_58063945_C_G_b38,rs35622589,2e-05,0.17,Lung
ENSG00000070770.8,CSNK2A2,chr16_58149531_G_C_b38,rs35682784,2e-05,0.18,Lung
ENSG00000070770.8,CSNK2A2,chr16_58081588_A_G_b38,rs12597369,2e-05,0.15,Lung
ENSG00000070770.8,CSNK2A2,chr16_58100032_G_C_b38,rs1079313,2.1e-05,0.18,Lung
ENSG00000070770.8,CSNK2A2,chr16_58079251_G_A_b38,rs11076220,2.1e-05,0.17,Lung
ENSG00000070770.8,CSNK2A2,chr16_58081587_C_T_b38,rs12599591,2.1e-05,0.17,Lung
ENSG00000070770.8,CSNK2A2,chr16_58082037_C_T_b38,rs12930038,2.1e-05,0.17,Lung
ENSG00000070770.8,CSNK2A2,chr16_58159081_G_A_b38,rs34170742,2.1e-05,0.19,Lung
ENSG00000070770.8,CSNK2A2,chr16_58179663_T_C_b38,rs2550357,2.1e-05,0.19,Lung
ENSG00000070770.8,CSNK2A2,chr16_58093992_T_C_b38,rs12445881,2.2e-05,0.18,Lung
ENSG00000070770.8,CSNK2A2,chr16_58151890_G_A_b38,rs12927339,2.4e-05,0.19,Lung
ENSG00000070770.8,CSNK2A2,chr16_58156073_C_A_b38,rs34920106,2.4e-05,0.19,Lung
ENSG00000070770.8,CSNK2A2,chr16_57227888_C_T_b38,rs74701001,2.4e-05,0.63,Lung
ENSG00000070770.8,CSNK2A2,chr16_58041181_G_A_b38,rs12447579,2.5e-05,0.17,Lung
ENSG00000070770.8,CSNK2A2,chr16_58041378_C_T_b38,rs12447804,2.5e-05,0.17,Lung
ENSG00000070770.8,CSNK2A2,chr16_58131478_C_T_b38,rs34477501,2.5e-05,0.18,Lung
ENSG00000070770.8,CSNK2A2,chr16_58083929_T_C_b38,rs12447745,2.9e-05,0.16,Lung
ENSG00000070770.8,CSNK2A2,chr16_58084322_T_C_b38,rs12599249,2.9e-05,0.16,Lung
ENSG00000070770.8,CSNK2A2,chr16_58090662_G_A_b38,rs12929241,2.9e-05,0.16,Lung
ENSG00000070770.8,CSNK2A2,chr16_58037188_C_T_b38,rs12924215,3.1e-05,0.17,Lung
ENSG00000070770.8,CSNK2A2,chr16_58038249_C_T_b38,rs2241774,3.1e-05,0.17,Lung
ENSG00000070770.8,CSNK2A2,chr16_58046311_G_C_b38,rs1050779,3.1e-05,0.17,Lung
ENSG00000070770.8,CSNK2A2,chr16_58045261_G_A_b38,rs3743563,3.4e-05,0.17,Lung
ENSG00000070770.8,CSNK2A2,chr16_58074287_G_A_b38,rs35033732,3.9e-05,0.16,Lung
ENSG00000070770.8,CSNK2A2,chr16_58080236_A_C_b38,rs12920639,3.9e-05,0.16,Lung
ENSG00000070770.8,CSNK2A2,chr16_58047006_C_T_b38,rs2241773,4e-05,0.16,Lung
ENSG00000070770.8,CSNK2A2,chr16_58055473_T_A_b38,rs12927137,4e-05,0.16,Lung
ENSG00000070770.8,CSNK2A2,chr16_58055474_A_T_b38,rs12923208,4e-05,0.16,Lung
ENSG00000070770.8,CSNK2A2,chr16_58094987_G_A_b38,rs12448701,4.3e-05,0.17,Lung
ENSG00000070770.8,CSNK2A2,chr16_58263051_C_T_b38,rs2731738,4.6e-05,0.18,Lung
ENSG00000070770.8,CSNK2A2,chr16_58263544_A_G_b38,rs2550342,4.6e-05,0.18,Lung
ENSG00000070770.8,CSNK2A2,chr16_58061109_G_A_b38,rs12445500,4.9e-05,0.16,Lung
ENSG00000070770.8,CSNK2A2,chr16_58063696_G_C_b38,rs12926803,5.4e-05,0.15,Lung
ENSG00000070770.8,CSNK2A2,chr16_58450273_G_A_b38,rs77841515,6e-05,0.29,Lung
ENSG00000070770.8,CSNK2A2,chr16_58450720_A_C_b38,rs1895524,6e-05,0.29,Lung
ENSG00000070770.8,CSNK2A2,chr16_58062968_G_T_b38,rs12921967,6.2e-05,0.17,Lung
ENSG00000070770.8,CSNK2A2,chr16_58438917_G_T_b38,rs1559388,6.3e-05,0.17,Lung
ENSG00000070770.8,CSNK2A2,chr16_58051266_G_T_b38,rs12447440,7e-05,0.17,Lung
ENSG00000070770.8,CSNK2A2,chr16_58111681_G_A_b38,rs9937047,7.2e-05,0.13,Lung
ENSG00000070770.8,CSNK2A2,chr16_58051978_G_A_b38,rs12929002,7.9e-05,0.16,Lung
ENSG00000147955.16,SIGMAR1,chr9_34587243_C_A_b38,rs75842242,1.5e-08,-0.21,Lung
ENSG00000147955.16,SIGMAR1,chr9_34587312_T_A_b38,rs77391520,1.5e-08,-0.21,Lung
ENSG00000147955.16,SIGMAR1,chr9_34587689_C_T_b38,rs12553479,1.5e-08,-0.21,Lung
ENSG00000147955.16,SIGMAR1,chr9_34644705_G_A_b38,rs118143762,3.8e-08,-0.3,Lung
ENSG00000147955.16,SIGMAR1,chr9_34646343_G_T_b38,rs12551313,3.8e-08,-0.3,Lung
ENSG00000147955.16,SIGMAR1,chr9_34648421_C_T_b38,rs2070075,3.8e-08,-0.3,Lung
ENSG00000147955.16,SIGMAR1,chr9_34650104_C_G_b38,rs117197951,3.8e-08,-0.3,Lung
ENSG00000147955.16,SIGMAR1,chr9_34651621_G_A_b38,rs78403209,3.8e-08,-0.3,Lung
ENSG00000147955.16,SIGMAR1,chr9_34635340_T_G_b38,rs41305341,9.9e-08,-0.26,Lung
ENSG00000147955.16,SIGMAR1,chr9_34636228_G_C_b38,rs117655407,9.9e-08,-0.26,Lung
ENSG00000147955.16,SIGMAR1,chr9_34638083_C_A_b38,rs117171045,9.9e-08,-0.26,Lung
ENSG00000147955.16,SIGMAR1,chr9_34602336_A_G_b38,rs12552445,1e-07,-0.25,Lung
ENSG00000147955.16,SIGMAR1,chr9_34606092_TGTCTTAAAGTCA_T_b38,rs148440338,1e-07,-0.25,Lung
ENSG00000147955.16,SIGMAR1,chr9_34609575_C_T_b38,rs12552454,1e-07,-0.25,Lung
ENSG00000147955.16,SIGMAR1,chr9_34611658_G_A_b38,rs117925060,1e-07,-0.25,Lung
ENSG00000147955.16,SIGMAR1,chr9_34621102_C_T_b38,rs76093916,1e-07,-0.25,Lung
ENSG00000147955.16,SIGMAR1,chr9_34626541_A_G_b38,rs78982016,1e-07,-0.25,Lung
ENSG00000147955.16,SIGMAR1,chr9_34627336_C_T_b38,rs12553321,1e-07,-0.25,Lung
ENSG00000147955.16,SIGMAR1,chr9_34628286_A_T_b38,rs77101490,1e-07,-0.25,Lung
ENSG00000147955.16,SIGMAR1,chr9_34630093_G_A_b38,rs74413924,1e-07,-0.25,Lung
ENSG00000147955.16,SIGMAR1,chr9_34582851_G_A_b38,rs79369160,1.2e-07,-0.25,Lung
ENSG00000147955.16,SIGMAR1,chr9_34654374_G_A_b38,rs117579366,6.1e-07,-0.27,Lung
ENSG00000147955.16,SIGMAR1,chr9_34599067_C_T_b38,rs78756981,4.2e-06,-0.2,Lung
ENSG00000147955.16,SIGMAR1,chr9_34567050_C_T_b38,rs77107846,5e-06,-0.27,Lung
ENSG00000147955.16,SIGMAR1,chr9_34572216_C_T_b38,rs140452799,5e-06,-0.27,Lung
ENSG00000147955.16,SIGMAR1,chr9_34567748_C_T_b38,rs77630917,9.6e-06,-0.25,Lung
ENSG00000147955.16,SIGMAR1,chr9_34660951_CAGA_C_b38,rs868342780,1.6e-05,-0.23,Lung
ENSG00000147955.16,SIGMAR1,chr9_34660205_C_T_b38,rs41313780,2.8e-05,-0.23,Lung
ENSG00000147955.16,SIGMAR1,chr9_34661759_CA_C_b38,rs11575583,3.2e-05,-0.22,Lung
ENSG00000147955.16,SIGMAR1,chr9_34661983_C_T_b38,rs34352067,3.2e-05,-0.22,Lung
ENSG00000147955.16,SIGMAR1,chr9_34551922_G_A_b38,rs115034926,5e-05,-0.25,Lung
ENSG00000147955.16,SIGMAR1,chr9_34664024_G_A_b38,rs883934,5.5e-05,-0.21,Lung
ENSG00000147955.16,SIGMAR1,chr9_34625412_G_A_b38,rs10972175,8.4e-05,-0.07,Lung
ENSG00000147955.16,SIGMAR1,chr9_34623341_A_G_b38,rs10972173,8.4e-05,-0.069,Lung
ENSG00000147955.16,SIGMAR1,chr9_34554022_G_A_b38,rs2183012,9.3e-05,-0.27,Lung
ENSG00000147955.16,SIGMAR1,chr9_34562095_A_G_b38,rs62559937,0.00014,-0.098,Lung
ENSG00000147955.16,SIGMAR1,chr9_34619624_A_G_b38,rs10972168,0.00017,-0.071,Lung
ENSG00000147955.16,SIGMAR1,chr9_34549875_G_C_b38,rs56179304,0.00018,-0.097,Lung
ENSG00000147955.16,SIGMAR1,chr9_34554002_G_A_b38,rs2381163,0.00019,-0.1,Lung
ENSG00000147955.16,SIGMAR1,chr9_34555447_T_C_b38,rs12554080,0.00019,-0.1,Lung
ENSG00000147955.16,SIGMAR1,chr9_34555483_C_T_b38,rs12552724,0.00019,-0.1,Lung
ENSG00000147955.16,SIGMAR1,chr9_34555502_G_C_b38,rs12552754,0.00019,-0.1,Lung
ENSG00000147955.16,SIGMAR1,chr9_34596680_A_G_b38,rs10814125,2e-04,-0.066,Lung
ENSG00000147955.16,SIGMAR1,chr9_34599248_G_C_b38,rs10758269,2e-04,-0.066,Lung
ENSG00000147955.16,SIGMAR1,chr9_34615803_A_G_b38,rs7865283,0.00021,-0.066,Lung
ENSG00000147955.16,SIGMAR1,chr9_34554718_C_T_b38,rs1077961,0.00022,-0.1,Lung
ENSG00000147955.16,SIGMAR1,chr9_34604607_C_G_b38,rs1571403,0.00022,-0.068,Lung
ENSG00000147955.16,SIGMAR1,chr9_34554062_G_A_b38,rs2381162,0.00022,-0.098,Lung
ENSG00000147955.16,SIGMAR1,chr9_34554229_G_C_b38,rs1124882,0.00024,-0.098,Lung
ENSG00000147955.16,SIGMAR1,chr9_34631162_C_T_b38,rs10046843,0.00026,-0.065,Lung
ENSG00000147955.16,SIGMAR1,chr9_34607877_G_A_b38,rs35292572,0.00027,0.085,Lung
ENSG00000147955.16,SIGMAR1,chr9_34659076_C_T_b38,rs1810819,0.00027,0.065,Lung
ENSG00000093010.13,COMT,chr22_19943287_T_C_b38,rs45616631,7.8e-09,-0.45,Lung
ENSG00000093010.13,COMT,chr22_19937643_G_A_b38,rs73880021,2.9e-08,-0.43,Lung
ENSG00000093010.13,COMT,chr22_19941996_G_A_b38,rs45454096,2.9e-08,-0.43,Lung
ENSG00000093010.13,COMT,chr22_19947732_T_TA_b38,rs200975228,9.7e-08,-0.59,Lung
ENSG00000093010.13,COMT,chr22_19956800_G_A_b38,rs77080003,1.3e-07,-0.57,Lung
ENSG00000093010.13,COMT,chr22_19952395_T_A_b38,rs143083716,1.4e-07,-0.58,Lung
ENSG00000093010.13,COMT,chr22_19961580_G_A_b38,rs9332362,2.5e-07,-0.55,Lung
ENSG00000093010.13,COMT,chr22_19937749_C_T_b38,rs117018827,7.2e-07,-0.53,Lung
ENSG00000093010.13,COMT,chr22_19924835_G_A_b38,rs73880015,7.5e-07,-0.36,Lung
ENSG00000093010.13,COMT,chr22_19964701_T_C_b38,rs34068292,1.5e-06,-0.34,Lung
ENSG00000093010.13,COMT,chr22_19960250_C_T_b38,rs73880029,1.6e-06,-0.36,Lung
ENSG00000093010.13,COMT,chr22_19926507_C_T_b38,rs5748476,1.6e-06,-0.52,Lung
ENSG00000093010.13,COMT,chr22_19920476_G_A_b38,rs118052695,1.9e-06,-0.31,Lung
ENSG00000093010.13,COMT,chr22_19915148_C_T_b38,rs16982755,5.5e-06,-0.29,Lung
ENSG00000093010.13,COMT,chr22_19783183_A_G_b38,rs41298850,1e-05,0.7,Lung
ENSG00000093010.13,COMT,chr22_19886962_G_A_b38,rs9606172,1.1e-05,-0.31,Lung
ENSG00000093010.13,COMT,chr22_19918847_G_A_b38,rs9606178,3.1e-05,-0.37,Lung
ENSG00000093010.13,COMT,chr22_19976628_G_T_b38,rs77900476,5.3e-05,-0.4,Lung
ENSG00000093010.13,COMT,chr22_19989387_C_T_b38,rs76776717,5.3e-05,-0.4,Lung
ENSG00000093010.13,COMT,chr22_19925107_G_A_b38,rs148585035,5.5e-05,-0.36,Lung
ENSG00000093010.13,COMT,chr22_20013911_C_T_b38,rs146344141,7.4e-05,-0.4,Lung
ENSG00000125356.6,NDUFA1,chrX_119885023_C_T_b38,rs5910700,3.1e-09,0.075,Lung
ENSG00000125356.6,NDUFA1,chrX_119882269_C_G_b38,rs4239999,4e-09,0.074,Lung
ENSG00000125356.6,NDUFA1,chrX_119887461_C_T_b38,rs2496174,7.2e-09,0.073,Lung
ENSG00000125356.6,NDUFA1,chrX_119868462_C_T_b38,rs2496224,9e-09,0.072,Lung
ENSG00000125356.6,NDUFA1,chrX_119881141_T_C_b38,rs2028032,9.8e-09,0.072,Lung
ENSG00000125356.6,NDUFA1,chrX_119870442_T_A_b38,rs1858934,1.7e-08,0.071,Lung
ENSG00000125356.6,NDUFA1,chrX_119793322_A_G_b38,rs2496211,5.8e-08,-0.069,Lung
ENSG00000125356.6,NDUFA1,chrX_119791742_C_T_b38,rs2240448,9.2e-08,-0.069,Lung
ENSG00000125356.6,NDUFA1,chrX_119869161_G_A_b38,rs5909664,2.3e-07,0.065,Lung
ENSG00000125356.6,NDUFA1,chrX_119868320_C_A_b38,rs2428217,2.7e-07,0.067,Lung
ENSG00000125356.6,NDUFA1,chrX_119868478_C_T_b38,rs2496225,2.7e-07,0.067,Lung
ENSG00000125356.6,NDUFA1,chrX_119822074_A_G_b38,rs2428996,3.4e-07,-0.065,Lung
ENSG00000125356.6,NDUFA1,chrX_119823687_C_T_b38,rs5909658,3.4e-07,0.065,Lung
ENSG00000125356.6,NDUFA1,chrX_119823244_T_A_b38,rs2496201,3.5e-07,-0.064,Lung
ENSG00000125356.6,NDUFA1,chrX_119857574_G_A_b38,rs5910689,3.6e-07,0.064,Lung
ENSG00000125356.6,NDUFA1,chrX_119856420_C_A_b38,rs5909662,4e-07,0.064,Lung
ENSG00000125356.6,NDUFA1,chrX_119856493_C_G_b38,rs5910687,4e-07,0.064,Lung
ENSG00000125356.6,NDUFA1,chrX_119818473_T_C_b38,rs2428993,4.1e-07,-0.064,Lung
ENSG00000125356.6,NDUFA1,chrX_119833151_C_T_b38,rs4825677,4.1e-07,0.064,Lung
ENSG00000125356.6,NDUFA1,chrX_119842745_T_C_b38,rs5910682,4.1e-07,0.064,Lung
ENSG00000125356.6,NDUFA1,chrX_119844137_G_A_b38,rs6646494,4.1e-07,0.064,Lung
ENSG00000125356.6,NDUFA1,chrX_119848661_GAT_G_b38,rs61073577,4.1e-07,0.064,Lung
ENSG00000125356.6,NDUFA1,chrX_119861861_G_A_b38,rs2106545,4.5e-07,0.065,Lung
ENSG00000125356.6,NDUFA1,chrX_119859280_A_G_b38,rs2496222,4.9e-07,0.066,Lung
ENSG00000125356.6,NDUFA1,chrX_119791487_A_G_b38,rs28384478,5.8e-07,-0.066,Lung
ENSG00000125356.6,NDUFA1,chrX_119840544_A_C_b38,rs2285552,6.2e-07,0.063,Lung
ENSG00000125356.6,NDUFA1,chrX_119850815_T_C_b38,rs6646499,6.2e-07,0.063,Lung
ENSG00000125356.6,NDUFA1,chrX_119814614_A_C_b38,rs2246819,6.2e-07,-0.063,Lung
ENSG00000125356.6,NDUFA1,chrX_119829063_C_T_b38,rs6646489,6.2e-07,0.063,Lung
ENSG00000125356.6,NDUFA1,chrX_119842200_T_A_b38,rs6646491,6.2e-07,0.063,Lung
ENSG00000125356.6,NDUFA1,chrX_119795859_C_T_b38,rs7878427,6.9e-07,-0.063,Lung
ENSG00000125356.6,NDUFA1,chrX_119796325_G_A_b38,rs2428981,6.9e-07,-0.063,Lung
ENSG00000125356.6,NDUFA1,chrX_119796385_C_T_b38,rs2428982,6.9e-07,-0.063,Lung
ENSG00000125356.6,NDUFA1,chrX_119884508_G_A_b38,rs2496238,7.2e-07,0.064,Lung
ENSG00000125356.6,NDUFA1,chrX_119833048_A_C_b38,rs4825676,8.6e-07,0.063,Lung
ENSG00000125356.6,NDUFA1,chrX_119799474_G_A_b38,rs5957250,1e-06,-0.062,Lung
ENSG00000125356.6,NDUFA1,chrX_119796090_T_C_b38,rs2428980,1.1e-06,-0.062,Lung
ENSG00000125356.6,NDUFA1,chrX_119829581_T_C_b38,rs2007262,1.1e-06,0.062,Lung
ENSG00000125356.6,NDUFA1,chrX_119787774_G_C_b38,rs5910674,1.1e-06,-0.062,Lung
ENSG00000125356.6,NDUFA1,chrX_119792456_A_G_b38,rs2496204,1.2e-06,-0.062,Lung
ENSG00000125356.6,NDUFA1,chrX_119882436_A_G_b38,rs2245167,2.2e-06,0.064,Lung
ENSG00000125356.6,NDUFA1,chrX_119882731_C_G_b38,rs2496235,2.2e-06,0.064,Lung
ENSG00000125356.6,NDUFA1,chrX_119883670_T_C_b38,rs2496237,2.2e-06,0.064,Lung
ENSG00000125356.6,NDUFA1,chrX_119863598_C_A_b38,rs3001971,2.2e-06,0.061,Lung
ENSG00000125356.6,NDUFA1,chrX_119862512_A_T_b38,rs2078896,2.7e-06,0.066,Lung
ENSG00000125356.6,NDUFA1,chrX_119381921_G_A_b38,rs144830461,2.7e-06,0.3,Lung
ENSG00000125356.6,NDUFA1,chrX_119884224_C_CTA_b38,rs74280145,3e-06,0.061,Lung
ENSG00000125356.6,NDUFA1,chrX_119884567_T_C_b38,rs2496239,3e-06,0.061,Lung
ENSG00000125356.6,NDUFA1,chrX_119881750_C_A_b38,rs7059736,3.4e-06,0.061,Lung
ENSG00000125356.6,NDUFA1,chrX_119882199_G_A_b38,rs2245254,3.4e-06,0.061,Lung
ENSG00000125356.6,NDUFA1,chrX_119882218_C_T_b38,rs2245253,3.4e-06,0.061,Lung
ENSG00000125356.6,NDUFA1,chrX_119882345_G_A_b38,rs2245175,3.4e-06,0.061,Lung
ENSG00000125356.6,NDUFA1,chrX_119882435_C_T_b38,rs2360254,3.4e-06,0.061,Lung
ENSG00000125356.6,NDUFA1,chrX_119786942_G_C_b38,rs41300189,4.9e-06,-0.06,Lung
ENSG00000125356.6,NDUFA1,chrX_119787098_AT_A_b38,rs147154753,4.9e-06,-0.06,Lung
ENSG00000125356.6,NDUFA1,chrX_119787567_A_C_b38,rs73214964,4.9e-06,-0.06,Lung
ENSG00000125356.6,NDUFA1,chrX_119787630_T_C_b38,rs34447789,4.9e-06,-0.06,Lung
ENSG00000125356.6,NDUFA1,chrX_119787708_C_T_b38,rs45601335,4.9e-06,-0.06,Lung
ENSG00000125356.6,NDUFA1,chrX_119788472_G_A_b38,rs35617454,4.9e-06,-0.06,Lung
ENSG00000125356.6,NDUFA1,chrX_119789552_G_A_b38,rs56332014,4.9e-06,-0.06,Lung
ENSG00000125356.6,NDUFA1,chrX_119791218_C_A_b38,rs41304508,4.9e-06,-0.06,Lung
ENSG00000125356.6,NDUFA1,chrX_119777769_C_T_b38,rs11797012,5e-06,-0.062,Lung
ENSG00000125356.6,NDUFA1,chrX_119773674_G_A_b38,rs2782248,6.4e-06,-0.061,Lung
ENSG00000125356.6,NDUFA1,chrX_119892040_CCTT_C_b38,rs60542761,7.3e-06,0.058,Lung
ENSG00000125356.6,NDUFA1,chrX_119792326_T_G_b38,rs28384432,7.9e-06,-0.06,Lung
ENSG00000125356.6,NDUFA1,chrX_119891119_G_A_b38,rs2496183,8.6e-06,0.057,Lung
ENSG00000125356.6,NDUFA1,chrX_119857318_T_A_b38,rs5910688,9.3e-06,0.057,Lung
ENSG00000125356.6,NDUFA1,chrX_119795703_C_T_b38,rs12558012,1e-05,-0.059,Lung
ENSG00000125356.6,NDUFA1,chrX_119797950_CTA_C_b38,rs140148278,1e-05,-0.059,Lung
ENSG00000125356.6,NDUFA1,chrX_119803846_C_T_b38,rs28577026,1e-05,-0.059,Lung
ENSG00000125356.6,NDUFA1,chrX_119819321_G_A_b38,rs11798317,1e-05,-0.059,Lung
ENSG00000125356.6,NDUFA1,chrX_119827461_T_TCTCA_b38,rs112993850,1e-05,0.059,Lung
ENSG00000125356.6,NDUFA1,chrX_119843369_A_G_b38,rs2496213,1e-05,0.059,Lung
ENSG00000125356.6,NDUFA1,chrX_119851635_C_T_b38,rs2428212,1e-05,0.059,Lung
ENSG00000125356.6,NDUFA1,chrX_119779486_A_G_b38,rs9792770,1.1e-05,-0.057,Lung
ENSG00000125356.6,NDUFA1,chrX_119786043_T_C_b38,rs55850232,1.3e-05,-0.058,Lung
ENSG00000125356.6,NDUFA1,chrX_119788809_G_A_b38,rs73214967,1.3e-05,-0.058,Lung
ENSG00000125356.6,NDUFA1,chrX_119788935_C_T_b38,rs73214968,1.3e-05,-0.058,Lung
ENSG00000125356.6,NDUFA1,chrX_119883306_T_C_b38,rs3001972,1.3e-05,0.058,Lung
ENSG00000125356.6,NDUFA1,chrX_119883426_T_C_b38,rs2496236,1.3e-05,0.058,Lung
ENSG00000125356.6,NDUFA1,chrX_119871742_C_G_b38,rs708463,1.6e-05,0.058,Lung
ENSG00000125356.6,NDUFA1,chrX_119878337_G_T_b38,rs2496229,1.6e-05,0.058,Lung
ENSG00000125356.6,NDUFA1,chrX_119754737_A_G_b38,rs2528722,2e-05,-0.055,Lung
ENSG00000125356.6,NDUFA1,chrX_119804942_G_T_b38,rs12557240,2.1e-05,-0.056,Lung
ENSG00000125356.6,NDUFA1,chrX_119786846_C_T_b38,rs7885997,2.4e-05,-0.054,Lung
ENSG00000125356.6,NDUFA1,chrX_119859277_T_C_b38,rs2428214,2.8e-05,0.056,Lung
ENSG00000125356.6,NDUFA1,chrX_119853214_T_C_b38,rs2496219,3.2e-05,0.056,Lung
ENSG00000125356.6,NDUFA1,chrX_119854284_C_A_b38,rs4825678,3.2e-05,0.056,Lung
ENSG00000125356.6,NDUFA1,chrX_119855620_T_TAAAC_b38,rs111912956,3.2e-05,0.056,Lung
ENSG00000125356.6,NDUFA1,chrX_119855873_T_C_b38,rs2428213,3.2e-05,0.056,Lung
ENSG00000125356.6,NDUFA1,chrX_119750268_G_A_b38,rs2782214,3.2e-05,-0.053,Lung
ENSG00000125356.6,NDUFA1,chrX_119753720_C_T_b38,rs2782217,3.3e-05,-0.053,Lung
ENSG00000125356.6,NDUFA1,chrX_119889157_T_A_b38,rs2496175,3.7e-05,0.053,Lung
ENSG00000125356.6,NDUFA1,chrX_119889217_T_C_b38,rs2496176,3.7e-05,0.053,Lung
ENSG00000125356.6,NDUFA1,chrX_119890495_C_T_b38,rs2496177,3.7e-05,0.053,Lung
ENSG00000125356.6,NDUFA1,chrX_119767759_CCT_C_b38,rs146796825,3.8e-05,-0.054,Lung
ENSG00000125356.6,NDUFA1,chrX_119751530_C_T_b38,rs2991902,3.9e-05,-0.053,Lung
ENSG00000125356.6,NDUFA1,chrX_119769400_T_C_b38,rs2782243,4e-05,-0.055,Lung
ENSG00000125356.6,NDUFA1,chrX_119755243_T_G_b38,rs2528725,4.1e-05,-0.053,Lung
ENSG00000125356.6,NDUFA1,chrX_119756640_G_A_b38,rs2782221,4.1e-05,-0.053,Lung
ENSG00000125356.6,NDUFA1,chrX_119890851_A_G_b38,rs2496180,4.3e-05,0.053,Lung
ENSG00000125356.6,NDUFA1,chrX_119795936_G_A_b38,rs12557945,4.6e-05,-0.055,Lung
ENSG00000125356.6,NDUFA1,chrX_119803899_C_T_b38,rs28777999,4.6e-05,-0.055,Lung
ENSG00000125356.6,NDUFA1,chrX_119805289_A_G_b38,rs11260202,4.6e-05,-0.055,Lung
ENSG00000125356.6,NDUFA1,chrX_119807446_CCTT_C_b38,rs66669737,4.6e-05,-0.055,Lung
ENSG00000125356.6,NDUFA1,chrX_119809020_A_C_b38,rs12558775,4.6e-05,-0.055,Lung
ENSG00000125356.6,NDUFA1,chrX_119813873_T_G_b38,rs2360246,4.6e-05,-0.055,Lung
ENSG00000125356.6,NDUFA1,chrX_119822899_C_T_b38,rs11796779,4.6e-05,-0.055,Lung
ENSG00000125356.6,NDUFA1,chrX_119829355_T_G_b38,rs2428222,4.6e-05,0.055,Lung
ENSG00000125356.6,NDUFA1,chrX_119838819_A_G_b38,rs2496205,4.6e-05,0.055,Lung
ENSG00000125356.6,NDUFA1,chrX_119850751_C_T_b38,rs2428210,4.6e-05,0.055,Lung
ENSG00000125356.6,NDUFA1,chrX_119889328_C_G_b38,rs2428225,4.6e-05,0.053,Lung
ENSG00000125356.6,NDUFA1,chrX_119754661_C_T_b38,rs2528721,4.7e-05,-0.053,Lung
ENSG00000125356.6,NDUFA1,chrX_119776683_T_C_b38,rs2782250,4.8e-05,-0.053,Lung
ENSG00000125356.6,NDUFA1,chrX_119777026_T_G_b38,rs5957239,4.8e-05,-0.053,Lung
ENSG00000125356.6,NDUFA1,chrX_119777030_C_T_b38,rs5957240,4.8e-05,-0.053,Lung
ENSG00000125356.6,NDUFA1,chrX_119777055_G_A_b38,rs5957241,4.8e-05,-0.053,Lung
ENSG00000125356.6,NDUFA1,chrX_119777102_T_G_b38,rs5957242,4.8e-05,-0.053,Lung
ENSG00000125356.6,NDUFA1,chrX_119777265_CACA_C_b38,rs148878551,4.8e-05,-0.053,Lung
ENSG00000125356.6,NDUFA1,chrX_119777302_G_A_b38,rs5957243,4.8e-05,-0.053,Lung
ENSG00000125356.6,NDUFA1,chrX_119777501_C_A_b38,rs5957244,4.8e-05,-0.053,Lung
ENSG00000125356.6,NDUFA1,chrX_119777669_T_C_b38,rs11795694,4.8e-05,-0.053,Lung
ENSG00000125356.6,NDUFA1,chrX_119777724_C_T_b38,rs11797000,4.8e-05,-0.053,Lung
ENSG00000125356.6,NDUFA1,chrX_119769813_CTTCATT_C_b38,rs3052754,5e-05,-0.053,Lung
ENSG00000125356.6,NDUFA1,chrX_119890940_T_C_b38,rs2496181,5.4e-05,0.052,Lung
ENSG00000125356.6,NDUFA1,chrX_119776530_A_G_b38,rs2782249,5.4e-05,-0.053,Lung
ENSG00000125356.6,NDUFA1,chrX_119771705_C_T_b38,rs2528729,5.9e-05,-0.053,Lung
ENSG00000125356.6,NDUFA1,chrX_119771797_A_T_b38,rs2782247,5.9e-05,-0.053,Lung
ENSG00000125356.6,NDUFA1,chrX_119760392_T_A_b38,rs2782227,6.3e-05,-0.052,Lung
ENSG00000125356.6,NDUFA1,chrX_119750257_T_A_b38,rs2528718,8.7e-05,-0.052,Lung
ENSG00000125356.6,NDUFA1,chrX_119746657_GT_G_b38,rs36022458,8.7e-05,-0.05,Lung
ENSG00000125356.6,NDUFA1,chrX_119776767_T_A_b38,rs2782251,8.8e-05,-0.052,Lung
ENSG00000125356.6,NDUFA1,chrX_119778227_A_G_b38,rs113979639,0.00011,-0.051,Lung
ENSG00000125356.6,NDUFA1,chrX_119777938_A_G_b38,rs56123729,0.00011,-0.051,Lung
ENSG00000125356.6,NDUFA1,chrX_119777960_A_G_b38,rs111959441,0.00011,-0.051,Lung
ENSG00000125356.6,NDUFA1,chrX_119777983_G_C_b38,rs113579834,0.00011,-0.051,Lung
ENSG00000125356.6,NDUFA1,chrX_119778105_A_G_b38,rs112398159,0.00011,-0.051,Lung
ENSG00000125356.6,NDUFA1,chrX_119778146_C_T_b38,rs113805033,0.00011,-0.051,Lung
ENSG00000125356.6,NDUFA1,chrX_119778163_C_T_b38,rs147327138,0.00011,-0.051,Lung
ENSG00000125356.6,NDUFA1,chrX_119778165_G_A_b38,rs140674624,0.00011,-0.051,Lung
ENSG00000125356.6,NDUFA1,chrX_119778175_T_C_b38,rs112991530,0.00011,-0.051,Lung
ENSG00000125356.6,NDUFA1,chrX_119778404_G_A_b38,rs5957246,0.00011,-0.051,Lung
ENSG00000125356.6,NDUFA1,chrX_119778648_G_A_b38,rs5910667,0.00011,-0.051,Lung
ENSG00000125356.6,NDUFA1,chrX_119778657_T_C_b38,rs5910668,0.00011,-0.051,Lung
ENSG00000125356.6,NDUFA1,chrX_119778193_T_C_b38,rs112921596,0.00012,-0.051,Lung
ENSG00000125356.6,NDUFA1,chrX_119892789_C_T_b38,rs2496189,0.00014,0.052,Lung
ENSG00000125356.6,NDUFA1,chrX_119788389_A_G_b38,rs2429001,0.00014,-0.049,Lung
ENSG00000125356.6,NDUFA1,chrX_119788780_A_T_b38,rs2429002,0.00014,-0.049,Lung
ENSG00000125356.6,NDUFA1,chrX_119778029_C_T_b38,rs112126831,0.00014,-0.05,Lung
ENSG00000137275.13,RIPK1,chr6_3076907_T_C_b38,rs2272990,1.3e-19,-0.4,Lung
ENSG00000137275.13,RIPK1,chr6_3080090_C_A_b38,rs2064310,6.1e-18,-0.36,Lung
ENSG00000137275.13,RIPK1,chr6_3084469_T_TG_b38,rs11430893,5.5e-16,-0.38,Lung
ENSG00000137275.13,RIPK1,chr6_3084895_G_T_b38,rs7753662,5.5e-16,-0.38,Lung
ENSG00000137275.13,RIPK1,chr6_3085817_TTA_T_b38,rs5873855,5.5e-16,-0.38,Lung
ENSG00000137275.13,RIPK1,chr6_3074730_CAGTG_C_b38,rs67432438,6.9e-14,-0.28,Lung
ENSG00000137275.13,RIPK1,chr6_3078032_C_A_b38,rs6907943,3.7e-13,-0.27,Lung
ENSG00000137275.13,RIPK1,chr6_3087281_G_A_b38,rs9392454,4e-13,-0.24,Lung
ENSG00000137275.13,RIPK1,chr6_3085773_C_T_b38,rs1406821,4.5e-13,-0.29,Lung
ENSG00000137275.13,RIPK1,chr6_3085774_T_C_b38,rs1406820,4.5e-13,-0.29,Lung
ENSG00000137275.13,RIPK1,chr6_3076102_G_A_b38,rs4959774,1.6e-12,-0.21,Lung
ENSG00000137275.13,RIPK1,chr6_3086076_CTTTAGAAAGTA_C_b38,rs141325626,2.3e-12,-0.28,Lung
ENSG00000137275.13,RIPK1,chr6_3086686_C_T_b38,rs9392453,2.4e-12,-0.23,Lung
ENSG00000137275.13,RIPK1,chr6_3086255_C_T_b38,rs12191645,2.6e-12,-0.23,Lung
ENSG00000137275.13,RIPK1,chr6_3086622_G_C_b38,rs9378764,1.3e-10,-0.21,Lung
ENSG00000137275.13,RIPK1,chr6_3086719_C_G_b38,rs9405191,2.8e-09,-0.21,Lung
ENSG00000137275.13,RIPK1,chr6_3085866_C_T_b38,rs2077681,6.1e-09,-0.2,Lung
ENSG00000137275.13,RIPK1,chr6_3086772_C_G_b38,rs9391981,6.1e-09,-0.2,Lung
ENSG00000137275.13,RIPK1,chr6_3068823_C_T_b38,rs12663589,5.8e-06,0.095,Lung
ENSG00000137275.13,RIPK1,chr6_3067598_G_GTT_b38,rs34610901,9.6e-06,0.097,Lung
ENSG00000137275.13,RIPK1,chr6_3049748_A_G_b38,rs7761969,9.8e-06,0.094,Lung
ENSG00000137275.13,RIPK1,chr6_3074706_C_T_b38,rs9405607,1e-05,-0.1,Lung
ENSG00000137275.13,RIPK1,chr6_3056190_T_C_b38,rs9391980,1.1e-05,-0.099,Lung
ENSG00000137275.13,RIPK1,chr6_3058456_T_C_b38,rs12200314,1.2e-05,0.094,Lung
ENSG00000137275.13,RIPK1,chr6_3056922_A_T_b38,rs28375966,1.9e-05,0.092,Lung
ENSG00000137275.13,RIPK1,chr6_3064015_A_G_b38,rs12203636,2.1e-05,0.089,Lung
ENSG00000137275.13,RIPK1,chr6_3060031_C_G_b38,rs12216003,2.5e-05,0.09,Lung
ENSG00000137275.13,RIPK1,chr6_3155713_G_C_b38,rs41300839,2.6e-05,0.36,Lung
ENSG00000137275.13,RIPK1,chr6_3053912_C_T_b38,rs7739320,2.6e-05,0.091,Lung
ENSG00000137275.13,RIPK1,chr6_3048358_G_A_b38,rs12195990,2.9e-05,0.092,Lung
ENSG00000137275.13,RIPK1,chr6_3062810_C_T_b38,rs13201973,3e-05,-0.097,Lung
ENSG00000137275.13,RIPK1,chr6_3055518_C_T_b38,rs11242820,4.2e-05,0.088,Lung
ENSG00000137275.13,RIPK1,chr6_3071766_T_C_b38,rs10458070,4.5e-05,0.088,Lung
ENSG00000137275.13,RIPK1,chr6_3064289_C_T_b38,rs12196777,5.2e-05,0.087,Lung
ENSG00000137275.13,RIPK1,chr6_3052750_G_A_b38,rs6931720,5.5e-05,0.088,Lung
ENSG00000137275.13,RIPK1,chr6_3066769_G_A_b38,rs12665605,5.6e-05,0.085,Lung
ENSG00000102393.9,GLA,chrX_101407913_G_A_b38,rs2071225,2.8e-20,-0.37,Lung
ENSG00000102393.9,GLA,chrX_101408672_C_G_b38,rs3027580,2.8e-20,-0.37,Lung
ENSG00000102393.9,GLA,chrX_101409301_T_G_b38,rs3027579,2.8e-20,-0.37,Lung
ENSG00000102393.9,GLA,chrX_101413501_T_G_b38,rs41307260,5.1e-19,-0.36,Lung
ENSG00000102393.9,GLA,chrX_101449152_C_T_b38,rs60135212,2.2e-16,-0.34,Lung
ENSG00000102393.9,GLA,chrX_101393692_C_T_b38,rs113541091,3.8e-16,-0.35,Lung
ENSG00000102393.9,GLA,chrX_101422706_T_C_b38,rs4986642,1.1e-15,-0.35,Lung
ENSG00000102393.9,GLA,chrX_101422838_A_G_b38,rs4986643,1.1e-15,-0.35,Lung
ENSG00000102393.9,GLA,chrX_101427312_G_T_b38,rs62600821,1.1e-15,-0.35,Lung
ENSG00000102393.9,GLA,chrX_101431700_T_C_b38,rs62600845,1.1e-15,-0.35,Lung
ENSG00000102393.9,GLA,chrX_101434340_G_A_b38,rs58223493,1.1e-15,-0.35,Lung
ENSG00000102393.9,GLA,chrX_101434685_G_A_b38,rs62600847,1.1e-15,-0.35,Lung
ENSG00000102393.9,GLA,chrX_101434741_C_T_b38,rs111371903,1.1e-15,-0.35,Lung
ENSG00000102393.9,GLA,chrX_101434906_C_G_b38,rs186255657,1.1e-15,-0.35,Lung
ENSG00000102393.9,GLA,chrX_101435011_C_T_b38,rs62600848,1.1e-15,-0.35,Lung
ENSG00000102393.9,GLA,chrX_101440173_G_A_b38,rs61353135,1.1e-15,-0.35,Lung
ENSG00000102393.9,GLA,chrX_101440677_G_A_b38,rs12836456,1.1e-15,-0.35,Lung
ENSG00000102393.9,GLA,chrX_101441123_C_T_b38,rs4986645,1.1e-15,-0.35,Lung
ENSG00000102393.9,GLA,chrX_101441243_G_C_b38,rs4986639,1.1e-15,-0.35,Lung
ENSG00000102393.9,GLA,chrX_101443718_C_T_b38,rs3027567,1.1e-15,-0.35,Lung
ENSG00000102393.9,GLA,chrX_101458767_G_A_b38,rs78294786,1.1e-15,-0.35,Lung
ENSG00000102393.9,GLA,chrX_101382388_G_A_b38,rs112741233,2.6e-15,-0.34,Lung
ENSG00000102393.9,GLA,chrX_101407933_C_T_b38,rs3027584,1e-10,0.63,Lung
ENSG00000102393.9,GLA,chrX_101409320_T_A_b38,rs3027578,1e-10,0.63,Lung
ENSG00000102393.9,GLA,chrX_101418955_G_A_b38,rs5991935,1.6e-09,-0.18,Lung
ENSG00000102393.9,GLA,chrX_101365260_G_A_b38,rs3027639,1.9e-09,-0.23,Lung
ENSG00000102393.9,GLA,chrX_101382592_G_T_b38,rs3027611,1.9e-09,-0.23,Lung
ENSG00000102393.9,GLA,chrX_101426356_G_A_b38,rs7057885,2.8e-09,-0.18,Lung
ENSG00000102393.9,GLA,chrX_101386586_G_A_b38,rs2071229,4.8e-09,-0.21,Lung
ENSG00000102393.9,GLA,chrX_101401885_AGGCTG_A_b38,rs5903184,5.3e-09,-0.18,Lung
ENSG00000102393.9,GLA,chrX_101402821_G_T_b38,rs1023431,5.3e-09,-0.18,Lung
ENSG00000102393.9,GLA,chrX_101418064_C_G_b38,rs3027571,5.7e-09,-0.17,Lung
ENSG00000102393.9,GLA,chrX_101425470_T_C_b38,rs58129309,6.7e-09,-0.17,Lung
ENSG00000102393.9,GLA,chrX_101363533_A_G_b38,rs57578919,7.4e-09,-0.21,Lung
ENSG00000102393.9,GLA,chrX_101366203_CAG_C_b38,rs10556198,7.4e-09,-0.21,Lung
ENSG00000102393.9,GLA,chrX_101370305_C_T_b38,rs2301175,7.4e-09,-0.21,Lung
ENSG00000102393.9,GLA,chrX_101373868_C_G_b38,rs112279403,7.4e-09,-0.21,Lung
ENSG00000102393.9,GLA,chrX_101378005_TG_T_b38,rs3216389,7.4e-09,-0.21,Lung
ENSG00000102393.9,GLA,chrX_101380075_T_C_b38,rs3027607,7.4e-09,-0.21,Lung
ENSG00000102393.9,GLA,chrX_101381767_T_A_b38,rs112205508,7.4e-09,-0.21,Lung
ENSG00000102393.9,GLA,chrX_101421301_T_C_b38,rs12556314,8.5e-09,-0.16,Lung
ENSG00000102393.9,GLA,chrX_101422868_A_G_b38,rs4986644,8.5e-09,-0.16,Lung
ENSG00000102393.9,GLA,chrX_101404507_C_T_b38,rs111386229,9.1e-09,-0.18,Lung
ENSG00000102393.9,GLA,chrX_101587258_C_CA_b38,rs199893821,1.7e-08,-0.44,Lung
ENSG00000102393.9,GLA,chrX_101397655_C_T_b38,rs35019768,2.1e-08,-0.18,Lung
ENSG00000102393.9,GLA,chrX_101394420_A_T_b38,rs112132208,4.9e-08,-0.17,Lung
ENSG00000102393.9,GLA,chrX_101398962_T_C_b38,rs2071397,4.9e-08,-0.17,Lung
ENSG00000102393.9,GLA,chrX_101389133_G_A_b38,rs5951307,7.2e-08,-0.16,Lung
ENSG00000102393.9,GLA,chrX_101473446_C_T_b38,rs868983849,8.2e-08,0.59,Lung
ENSG00000102393.9,GLA,chrX_101343710_T_C_b38,rs72615576,1.2e-07,-0.2,Lung
ENSG00000102393.9,GLA,chrX_101362001_C_T_b38,rs3027641,2.3e-07,-0.19,Lung
ENSG00000102393.9,GLA,chrX_101322912_C_T_b38,rs9699165,3.3e-07,-0.28,Lung
ENSG00000102393.9,GLA,chrX_101389579_T_C_b38,rs3027600,4.1e-07,-0.14,Lung
ENSG00000102393.9,GLA,chrX_101713247_G_A_b38,rs183785918,5.3e-07,-0.42,Lung
ENSG00000102393.9,GLA,chrX_101398121_G_A_b38,rs2071228,5.3e-07,-0.14,Lung
ENSG00000102393.9,GLA,chrX_101390479_T_C_b38,rs5951308,7.5e-07,-0.14,Lung
ENSG00000102393.9,GLA,chrX_101342987_C_T_b38,rs72615575,1.6e-06,-0.17,Lung
ENSG00000102393.9,GLA,chrX_101343769_C_T_b38,rs72615577,1.6e-06,-0.17,Lung
ENSG00000102393.9,GLA,chrX_101331053_A_G_b38,rs7066008,2e-06,-0.37,Lung
ENSG00000102393.9,GLA,chrX_101373791_T_C_b38,rs58911756,2.8e-06,-0.13,Lung
ENSG00000102393.9,GLA,chrX_101376150_A_G_b38,rs3027623,2.8e-06,-0.13,Lung
ENSG00000102393.9,GLA,chrX_101377437_T_C_b38,rs2239462,2.8e-06,-0.13,Lung
ENSG00000102393.9,GLA,chrX_101379413_G_C_b38,rs7050436,2.8e-06,-0.13,Lung
ENSG00000102393.9,GLA,chrX_101372073_A_T_b38,rs6523489,3.6e-06,-0.13,Lung
ENSG00000102393.9,GLA,chrX_101368084_C_T_b38,rs2238987,4.1e-06,-0.13,Lung
ENSG00000102393.9,GLA,chrX_101382140_C_T_b38,rs3027613,4.7e-06,-0.13,Lung
ENSG00000102393.9,GLA,chrX_101384813_A_G_b38,rs2238984,4.7e-06,-0.13,Lung
ENSG00000102393.9,GLA,chrX_101344931_CATA_C_b38,rs200821757,5.4e-06,-0.13,Lung
ENSG00000102393.9,GLA,chrX_101341832_C_A_b38,rs1053870,6.8e-06,-0.13,Lung
ENSG00000102393.9,GLA,chrX_101343337_G_A_b38,rs4986659,1.8e-05,-0.12,Lung
ENSG00000102393.9,GLA,chrX_101459191_C_G_b38,rs111251930,2.3e-05,-0.31,Lung
ENSG00000102393.9,GLA,chrX_101466806_A_G_b38,rs113475476,2.3e-05,-0.31,Lung
ENSG00000102393.9,GLA,chrX_101345993_G_GATC_b38,rs1331509900,2.6e-05,-0.12,Lung
ENSG00000102393.9,GLA,chrX_101401442_G_A_b38,rs41311559,3.8e-05,0.21,Lung
ENSG00000102393.9,GLA,chrX_101346929_A_G_b38,rs4986640,4.6e-05,-0.11,Lung
ENSG00000102393.9,GLA,chrX_101346995_T_C_b38,rs3027651,4.6e-05,-0.11,Lung
ENSG00000102393.9,GLA,chrX_101361724_A_G_b38,rs5991985,4.6e-05,-0.11,Lung
ENSG00000102393.9,GLA,chrX_101353203_G_A_b38,rs1135363,5.3e-05,-0.11,Lung
ENSG00000102393.9,GLA,chrX_101611546_G_A_b38,rs189680638,6.4e-05,-0.32,Lung
ENSG00000102393.9,GLA,chrX_101342587_C_A_b38,rs61360473,9.3e-05,-0.13,Lung
ENSG00000102393.9,GLA,chrX_101647620_C_T_b38,rs189821908,0.00012,0.35,Lung
ENSG00000102393.9,GLA,chrX_101758853_CT_C_b38,rs142493934,0.00012,0.35,Lung
ENSG00000102393.9,GLA,chrX_101961706_G_A_b38,rs142842536,0.00012,0.35,Lung
ENSG00000102393.9,GLA,chrX_101369382_G_T_b38,rs142584279,0.00012,0.17,Lung
ENSG00000102393.9,GLA,chrX_101439705_T_G_b38,rs1407790847,0.00012,0.082,Lung
ENSG00000102393.9,GLA,chrX_101440371_G_A_b38,rs6616243,0.00012,0.082,Lung
ENSG00000102393.9,GLA,chrX_101440775_G_T_b38,rs5951315,0.00012,0.082,Lung
ENSG00000102393.9,GLA,chrX_101451115_C_T_b38,rs5951320,0.00012,0.082,Lung
ENSG00000102393.9,GLA,chrX_101453690_A_T_b38,rs5951323,0.00012,0.082,Lung
ENSG00000102393.9,GLA,chrX_101453692_A_G_b38,rs5951324,0.00012,0.082,Lung
ENSG00000102393.9,GLA,chrX_101453849_C_A_b38,rs6621070,0.00012,0.082,Lung
ENSG00000102393.9,GLA,chrX_101460417_A_G_b38,rs5991907,0.00012,-0.082,Lung
ENSG00000102393.9,GLA,chrX_101460781_A_G_b38,rs7063823,0.00012,-0.082,Lung
ENSG00000102393.9,GLA,chrX_101344665_GTC_G_b38,rs201766966,0.00014,-0.11,Lung
ENSG00000102393.9,GLA,chrX_101431634_T_C_b38,rs6523494,0.00017,0.081,Lung
ENSG00000102393.9,GLA,chrX_101440057_T_G_b38,rs6616241,2e-04,0.08,Lung
ENSG00000102393.9,GLA,chrX_101359609_C_T_b38,rs67491067,2e-04,-0.1,Lung
ENSG00000102393.9,GLA,chrX_101361477_T_C_b38,rs7053244,2e-04,-0.1,Lung
ENSG00000102393.9,GLA,chrX_101463995_T_C_b38,rs7888475,0.00021,-0.08,Lung
ENSG00000102393.9,GLA,chrX_101465153_A_T_b38,rs5991940,0.00021,-0.08,Lung
ENSG00000102393.9,GLA,chrX_101468994_A_G_b38,rs6523504,0.00025,-0.078,Lung
ENSG00000102393.9,GLA,chrX_101471657_T_C_b38,rs35671929,0.00025,-0.078,Lung
ENSG00000102393.9,GLA,chrX_101481774_T_G_b38,rs4986649,0.00025,-0.078,Lung
ENSG00000102393.9,GLA,chrX_101470474_A_G_b38,rs2361297,0.00026,-0.078,Lung
ENSG00000102393.9,GLA,chrX_101475458_T_C_b38,rs6621074,0.00026,-0.078,Lung
ENSG00000102393.9,GLA,chrX_101482738_G_A_b38,rs11092309,0.00026,-0.078,Lung
ENSG00000102393.9,GLA,chrX_101484535_A_G_b38,rs3827421,0.00026,-0.078,Lung
ENSG00000072518.20,MARK2,chr11_63886363_G_A_b38,rs75335854,1.2e-05,0.26,Lung
ENSG00000072518.20,MARK2,chr11_63839166_C_G_b38,rs143952440,1.5e-05,0.21,Lung
ENSG00000072518.20,MARK2,chr11_63853387_G_A_b38,rs11231615,1.5e-05,0.21,Lung
ENSG00000072518.20,MARK2,chr11_63857988_A_G_b38,rs11231619,1.5e-05,0.21,Lung
ENSG00000072518.20,MARK2,chr11_63876576_C_T_b38,rs958333,1.5e-05,0.21,Lung
ENSG00000072518.20,MARK2,chr11_63885886_T_G_b38,rs143357850,1.5e-05,0.21,Lung
ENSG00000072518.20,MARK2,chr11_63892464_T_C_b38,rs11231631,1.5e-05,0.21,Lung
ENSG00000072518.20,MARK2,chr11_63866122_C_T_b38,rs61886130,2.9e-05,0.25,Lung
ENSG00000072518.20,MARK2,chr11_63839985_T_G_b38,rs61886104,4.4e-05,0.19,Lung
ENSG00000072518.20,MARK2,chr11_63845234_C_T_b38,rs61886106,4.6e-05,0.19,Lung
ENSG00000072518.20,MARK2,chr11_63846518_G_A_b38,rs11231605,4.6e-05,0.19,Lung
ENSG00000072518.20,MARK2,chr11_63877267_C_T_b38,rs61886131,4.6e-05,0.19,Lung
ENSG00000072518.20,MARK2,chr11_63863985_G_T_b38,rs61886127,4.6e-05,0.22,Lung
ENSG00000072518.20,MARK2,chr11_63859338_G_A_b38,rs75411373,8.9e-05,0.17,Lung
ENSG00000072518.20,MARK2,chr11_63865025_G_A_b38,rs61886129,1e-04,0.23,Lung
ENSG00000072518.20,MARK2,chr11_63885455_A_G_b38,rs61886134,0.00014,0.18,Lung
ENSG00000072518.20,MARK2,chr11_63888238_C_T_b38,rs11231630,0.00014,0.18,Lung
ENSG00000072518.20,MARK2,chr11_63840575_T_C_b38,rs3850942,0.00014,0.16,Lung
ENSG00000072518.20,MARK2,chr11_63846908_G_A_b38,rs9735314,0.00014,0.16,Lung
ENSG00000072518.20,MARK2,chr11_63850023_ACTCTAGGT_A_b38,rs67043893,0.00014,0.16,Lung
ENSG00000072518.20,MARK2,chr11_63860335_C_T_b38,rs11231620,0.00014,0.16,Lung
ENSG00000072518.20,MARK2,chr11_63860350_G_A_b38,rs11231621,0.00014,0.16,Lung
ENSG00000072518.20,MARK2,chr11_63861413_C_T_b38,rs112249676,0.00014,0.16,Lung
ENSG00000072518.20,MARK2,chr11_63865665_A_G_b38,rs7952270,0.00014,0.16,Lung
ENSG00000072518.20,MARK2,chr11_63874869_A_AGT_b38,rs144323986,0.00014,0.16,Lung
ENSG00000072518.20,MARK2,chr11_63881320_A_G_b38,rs61886132,0.00014,0.16,Lung
ENSG00000072518.20,MARK2,chr11_63848741_A_T_b38,rs6591824,0.00015,0.17,Lung
ENSG00000072518.20,MARK2,chr11_64014208_G_A_b38,rs61884696,0.00015,0.18,Lung
ENSG00000075413.17,MARK3,chr14_103663015_G_A_b38,rs7150141,2.2e-08,0.14,Lung
ENSG00000075413.17,MARK3,chr14_103655973_T_C_b38,rs10135248,2.8e-08,0.14,Lung
ENSG00000075413.17,MARK3,chr14_103461914_T_G_b38,rs10134580,3.3e-08,0.14,Lung
ENSG00000075413.17,MARK3,chr14_103414413_C_G_b38,rs28626081,4.3e-08,0.13,Lung
ENSG00000075413.17,MARK3,chr14_103420396_A_AT_b38,rs11414860,4.3e-08,0.13,Lung
ENSG00000075413.17,MARK3,chr14_103421531_C_T_b38,rs7158822,4.3e-08,0.13,Lung
ENSG00000075413.17,MARK3,chr14_103428683_T_C_b38,rs3783395,4.3e-08,0.13,Lung
ENSG00000075413.17,MARK3,chr14_103441844_TAAC_T_b38,rs138893388,4.3e-08,0.13,Lung
ENSG00000075413.17,MARK3,chr14_103451692_C_G_b38,rs2273703,4.3e-08,0.13,Lung
ENSG00000075413.17,MARK3,chr14_103452557_C_T_b38,rs28361338,4.3e-08,0.13,Lung
ENSG00000075413.17,MARK3,chr14_103454590_G_A_b38,rs10143247,4.3e-08,0.13,Lung
ENSG00000075413.17,MARK3,chr14_103455354_C_G_b38,rs7150317,4.3e-08,0.13,Lung
ENSG00000075413.17,MARK3,chr14_103456671_T_C_b38,rs10141120,4.3e-08,0.13,Lung
ENSG00000075413.17,MARK3,chr14_103457138_A_G_b38,rs2273699,4.3e-08,0.13,Lung
ENSG00000075413.17,MARK3,chr14_103458140_A_G_b38,rs7146506,4.3e-08,0.13,Lung
ENSG00000075413.17,MARK3,chr14_103464227_T_C_b38,rs28444993,4.3e-08,0.13,Lung
ENSG00000075413.17,MARK3,chr14_103659687_C_T_b38,rs55885592,4.6e-08,0.14,Lung
ENSG00000075413.17,MARK3,chr14_103431562_C_T_b38,rs28496120,4.9e-08,0.13,Lung
ENSG00000075413.17,MARK3,chr14_103442523_C_CAAT_b38,rs35920641,4.9e-08,0.13,Lung
ENSG00000075413.17,MARK3,chr14_103442866_G_A_b38,rs1013650,4.9e-08,0.13,Lung
ENSG00000075413.17,MARK3,chr14_103537810_T_C_b38,rs10135868,8.2e-08,0.13,Lung
ENSG00000075413.17,MARK3,chr14_103420420_A_G_b38,rs7152202,9.5e-08,0.13,Lung
ENSG00000075413.17,MARK3,chr14_103472327_C_A_b38,rs28583452,9.5e-08,0.13,Lung
ENSG00000075413.17,MARK3,chr14_103474574_G_A_b38,rs11628969,9.5e-08,0.13,Lung
ENSG00000075413.17,MARK3,chr14_103476654_A_G_b38,rs8015918,9.5e-08,0.13,Lung
ENSG00000075413.17,MARK3,chr14_103484031_A_G_b38,rs3742458,9.5e-08,0.13,Lung
ENSG00000075413.17,MARK3,chr14_103485435_G_C_b38,rs8013101,9.5e-08,0.13,Lung
ENSG00000075413.17,MARK3,chr14_103486284_C_T_b38,rs7156150,9.5e-08,0.13,Lung
ENSG00000075413.17,MARK3,chr14_103499191_G_A_b38,rs7160208,9.5e-08,0.13,Lung
ENSG00000075413.17,MARK3,chr14_103501006_T_C_b38,rs9671911,9.5e-08,0.13,Lung
ENSG00000075413.17,MARK3,chr14_103501592_C_G_b38,rs3783402,9.5e-08,0.13,Lung
ENSG00000075413.17,MARK3,chr14_103511268_C_T_b38,rs10150072,9.5e-08,0.13,Lung
ENSG00000075413.17,MARK3,chr14_103511387_A_G_b38,rs8019578,9.5e-08,0.13,Lung
ENSG00000075413.17,MARK3,chr14_103512790_C_T_b38,rs10133035,9.5e-08,0.13,Lung
ENSG00000075413.17,MARK3,chr14_103554931_C_T_b38,rs942863,1.3e-07,0.14,Lung
ENSG00000075413.17,MARK3,chr14_103496222_A_G_b38,rs10141433,1.3e-07,0.13,Lung
ENSG00000075413.17,MARK3,chr14_103519918_C_T_b38,rs1803283,1.4e-07,-0.13,Lung
ENSG00000075413.17,MARK3,chr14_103706470_C_A_b38,rs861531,1.4e-07,0.13,Lung
ENSG00000075413.17,MARK3,chr14_103557367_C_T_b38,rs7693,1.5e-07,0.13,Lung
ENSG00000075413.17,MARK3,chr14_103636440_G_A_b38,rs11624505,1.7e-07,0.13,Lung
ENSG00000075413.17,MARK3,chr14_103642750_G_A_b38,rs8018979,1.7e-07,0.13,Lung
ENSG00000075413.17,MARK3,chr14_103649984_C_T_b38,rs11849259,1.7e-07,0.13,Lung
ENSG00000075413.17,MARK3,chr14_103652161_A_G_b38,rs3783404,1.7e-07,0.13,Lung
ENSG00000075413.17,MARK3,chr14_103655647_C_T_b38,rs10145755,1.7e-07,0.13,Lung
ENSG00000075413.17,MARK3,chr14_103659800_G_T_b38,rs56660916,1.7e-07,0.13,Lung
ENSG00000075413.17,MARK3,chr14_103473342_A_G_b38,rs10141388,1.9e-07,0.13,Lung
ENSG00000075413.17,MARK3,chr14_103617120_G_A_b38,rs10134399,2e-07,0.13,Lung
ENSG00000075413.17,MARK3,chr14_103608940_G_A_b38,rs56017123,2.1e-07,0.13,Lung
ENSG00000075413.17,MARK3,chr14_103617097_CT_C_b38,rs60546585,2.1e-07,0.13,Lung
ENSG00000075413.17,MARK3,chr14_103536274_T_C_b38,rs45441198,2.1e-07,0.13,Lung
ENSG00000075413.17,MARK3,chr14_103538473_T_A_b38,rs11623470,2.2e-07,0.13,Lung
ENSG00000075413.17,MARK3,chr14_103638422_A_G_b38,rs58133129,2.3e-07,0.13,Lung
ENSG00000075413.17,MARK3,chr14_103717985_A_G_b38,rs7359090,2.4e-07,0.13,Lung
ENSG00000075413.17,MARK3,chr14_103628815_GC_G_b38,rs34975136,2.4e-07,0.13,Lung
ENSG00000075413.17,MARK3,chr14_103720539_G_A_b38,rs10143623,2.6e-07,0.13,Lung
ENSG00000075413.17,MARK3,chr14_103556413_C_T_b38,rs7154587,2.8e-07,0.13,Lung
ENSG00000075413.17,MARK3,chr14_103556607_C_T_b38,rs7154948,2.8e-07,0.13,Lung
ENSG00000075413.17,MARK3,chr14_103702364_C_T_b38,rs861534,2.9e-07,0.13,Lung
ENSG00000075413.17,MARK3,chr14_103654275_A_G_b38,rs61995780,2.9e-07,0.13,Lung
ENSG00000075413.17,MARK3,chr14_103661670_T_A_b38,rs57218990,2.9e-07,0.13,Lung
ENSG00000075413.17,MARK3,chr14_103673877_C_T_b38,rs10147049,2.9e-07,0.13,Lung
ENSG00000075413.17,MARK3,chr14_103681016_G_A_b38,rs3915733,2.9e-07,0.13,Lung
ENSG00000075413.17,MARK3,chr14_103683138_A_G_b38,rs709400,2.9e-07,0.13,Lung
ENSG00000075413.17,MARK3,chr14_103563041_C_G_b38,rs2274268,2.9e-07,0.13,Lung
ENSG00000075413.17,MARK3,chr14_103688269_C_T_b38,rs861548,3.2e-07,0.13,Lung
ENSG00000075413.17,MARK3,chr14_103412545_T_C_b38,rs4906321,3.2e-07,-0.13,Lung
ENSG00000075413.17,MARK3,chr14_103696945_G_A_b38,rs6593,3.5e-07,0.13,Lung
ENSG00000075413.17,MARK3,chr14_103677048_C_T_b38,rs2403205,3.5e-07,0.13,Lung
ENSG00000075413.17,MARK3,chr14_103600308_G_A_b38,rs7142883,3.8e-07,0.13,Lung
ENSG00000075413.17,MARK3,chr14_103561732_A_T_b38,rs28513222,3.9e-07,0.13,Lung
ENSG00000075413.17,MARK3,chr14_103699416_G_A_b38,rs861539,3.9e-07,0.13,Lung
ENSG00000075413.17,MARK3,chr14_103701227_A_G_b38,rs861536,3.9e-07,0.13,Lung
ENSG00000075413.17,MARK3,chr14_103618907_G_A_b38,rs8003090,4.1e-07,0.13,Lung
ENSG00000075413.17,MARK3,chr14_103605753_A_G_b38,rs11621777,5.1e-07,0.13,Lung
ENSG00000075413.17,MARK3,chr14_103572081_T_G_b38,rs28744517,5.3e-07,0.13,Lung
ENSG00000075413.17,MARK3,chr14_103582234_T_C_b38,rs61996717,5.3e-07,0.13,Lung
ENSG00000075413.17,MARK3,chr14_103543861_G_A_b38,rs879552,5.4e-07,0.12,Lung
ENSG00000075413.17,MARK3,chr14_103414501_AG_A_b38,rs150007229,5.5e-07,0.13,Lung
ENSG00000075413.17,MARK3,chr14_103415224_TAACA_T_b38,rs35816040,5.5e-07,0.13,Lung
ENSG00000075413.17,MARK3,chr14_103417296_G_T_b38,rs11623869,5.5e-07,0.13,Lung
ENSG00000075413.17,MARK3,chr14_103425009_C_T_b38,rs10145793,5.5e-07,0.13,Lung
ENSG00000075413.17,MARK3,chr14_103700396_C_T_b38,rs861538,5.5e-07,0.13,Lung
ENSG00000075413.17,MARK3,chr14_103595015_G_A_b38,rs61996721,6.1e-07,0.13,Lung
ENSG00000075413.17,MARK3,chr14_103602242_G_A_b38,rs55864158,6.1e-07,0.13,Lung
ENSG00000075413.17,MARK3,chr14_103536733_A_G_b38,rs2296486,7.8e-07,0.13,Lung
ENSG00000075413.17,MARK3,chr14_103536757_C_T_b38,rs2296484,7.8e-07,0.13,Lung
ENSG00000075413.17,MARK3,chr14_103479077_A_G_b38,rs7145113,7.9e-07,0.13,Lung
ENSG00000075413.17,MARK3,chr14_103387030_T_G_b38,rs1951392,8.5e-07,0.13,Lung
ENSG00000075413.17,MARK3,chr14_103395807_G_A_b38,rs1961600,8.5e-07,0.13,Lung
ENSG00000075413.17,MARK3,chr14_103395985_G_A_b38,rs2010281,8.5e-07,0.13,Lung
ENSG00000075413.17,MARK3,chr14_103398548_T_C_b38,rs72708854,8.5e-07,0.13,Lung
ENSG00000075413.17,MARK3,chr14_103539823_C_T_b38,rs11621037,9.7e-07,0.12,Lung
ENSG00000075413.17,MARK3,chr14_103391692_C_T_b38,rs113135977,1e-06,0.13,Lung
ENSG00000075413.17,MARK3,chr14_103392336_G_A_b38,rs3783394,1e-06,0.13,Lung
ENSG00000075413.17,MARK3,chr14_103403283_T_C_b38,rs11621510,1e-06,0.13,Lung
ENSG00000075413.17,MARK3,chr14_103417270_TGAG_T_b38,rs35925467,1e-06,0.13,Lung
ENSG00000075413.17,MARK3,chr14_103418314_G_A_b38,rs62007681,1e-06,0.13,Lung
ENSG00000075413.17,MARK3,chr14_103421278_A_G_b38,rs7158144,1e-06,0.13,Lung
ENSG00000075413.17,MARK3,chr14_103421987_G_A_b38,rs1028613,1e-06,0.13,Lung
ENSG00000075413.17,MARK3,chr14_103426481_T_A_b38,rs11624367,1e-06,0.13,Lung
ENSG00000075413.17,MARK3,chr14_103427734_G_T_b38,rs62007683,1e-06,0.13,Lung
ENSG00000075413.17,MARK3,chr14_103427886_T_C_b38,rs62007684,1e-06,0.13,Lung
ENSG00000075413.17,MARK3,chr14_103450621_A_G_b38,rs17679475,1e-06,0.13,Lung
ENSG00000075413.17,MARK3,chr14_103457077_A_G_b38,rs2273700,1e-06,0.13,Lung
ENSG00000075413.17,MARK3,chr14_103463198_G_A_b38,rs72708893,1e-06,0.13,Lung
ENSG00000075413.17,MARK3,chr14_103466821_A_G_b38,rs11626483,1e-06,0.13,Lung
ENSG00000075413.17,MARK3,chr14_103471816_CAAT_C_b38,rs10592836,1e-06,0.13,Lung
ENSG00000075413.17,MARK3,chr14_103515512_T_G_b38,rs72710714,1e-06,0.13,Lung
ENSG00000075413.17,MARK3,chr14_103568232_G_A_b38,rs57447494,1e-06,0.12,Lung
ENSG00000075413.17,MARK3,chr14_103570002_G_A_b38,rs59281218,1e-06,0.12,Lung
ENSG00000075413.17,MARK3,chr14_103411547_T_C_b38,rs12898029,1.1e-06,-0.12,Lung
ENSG00000075413.17,MARK3,chr14_103432914_T_G_b38,rs72708874,1.1e-06,0.12,Lung
ENSG00000075413.17,MARK3,chr14_103433007_A_G_b38,rs62007686,1.1e-06,0.12,Lung
ENSG00000075413.17,MARK3,chr14_103437426_G_T_b38,rs62007687,1.1e-06,0.12,Lung
ENSG00000075413.17,MARK3,chr14_103445857_A_T_b38,rs11622320,1.1e-06,0.12,Lung
ENSG00000075413.17,MARK3,chr14_103445858_C_T_b38,rs11622356,1.1e-06,0.12,Lung
ENSG00000075413.17,MARK3,chr14_103596029_G_A_b38,rs10140410,1.1e-06,0.12,Lung
ENSG00000075413.17,MARK3,chr14_103477800_C_T_b38,rs7160366,1.2e-06,0.12,Lung
ENSG00000075413.17,MARK3,chr14_103524462_T_C_b38,rs3759584,1.2e-06,0.12,Lung
ENSG00000075413.17,MARK3,chr14_103562909_G_A_b38,rs2274269,1.3e-06,0.12,Lung
ENSG00000075413.17,MARK3,chr14_103525064_G_A_b38,rs55723020,1.3e-06,0.12,Lung
ENSG00000075413.17,MARK3,chr14_103525412_A_G_b38,rs11626787,1.3e-06,0.12,Lung
ENSG00000075413.17,MARK3,chr14_103606028_T_C_b38,rs11626658,1.4e-06,0.13,Lung
ENSG00000075413.17,MARK3,chr14_103538220_C_T_b38,rs11627529,1.6e-06,0.12,Lung
ENSG00000075413.17,MARK3,chr14_103596677_G_A_b38,rs10143293,1.6e-06,0.12,Lung
ENSG00000075413.17,MARK3,chr14_103577878_G_T_b38,rs28660416,1.8e-06,0.12,Lung
ENSG00000075413.17,MARK3,chr14_103579757_G_A_b38,rs61996716,1.8e-06,0.12,Lung
ENSG00000075413.17,MARK3,chr14_103581420_C_T_b38,rs10149249,1.8e-06,0.12,Lung
ENSG00000075413.17,MARK3,chr14_103399448_A_G_b38,rs7140564,1.8e-06,-0.12,Lung
ENSG00000075413.17,MARK3,chr14_103402514_T_C_b38,rs4900572,1.8e-06,-0.12,Lung
ENSG00000075413.17,MARK3,chr14_103406216_G_T_b38,rs12888077,1.8e-06,-0.12,Lung
ENSG00000075413.17,MARK3,chr14_103406988_T_C_b38,rs7157631,1.8e-06,-0.12,Lung
ENSG00000075413.17,MARK3,chr14_103406989_G_A_b38,rs7156619,1.8e-06,-0.12,Lung
ENSG00000075413.17,MARK3,chr14_103408083_G_A_b38,rs12879085,1.8e-06,-0.12,Lung
ENSG00000075413.17,MARK3,chr14_103409234_T_TG_b38,rs11434062,1.8e-06,-0.12,Lung
ENSG00000075413.17,MARK3,chr14_103410117_A_G_b38,rs6575984,1.8e-06,-0.12,Lung
ENSG00000075413.17,MARK3,chr14_103410457_G_A_b38,rs7154246,1.8e-06,-0.12,Lung
ENSG00000075413.17,MARK3,chr14_103506653_T_C_b38,rs62006272,1.8e-06,0.12,Lung
ENSG00000075413.17,MARK3,chr14_103393869_G_A_b38,rs12889639,1.8e-06,-0.12,Lung
ENSG00000075413.17,MARK3,chr14_103393972_T_G_b38,rs12890750,1.8e-06,-0.12,Lung
ENSG00000075413.17,MARK3,chr14_103442952_T_C_b38,rs2403173,2e-06,0.14,Lung
ENSG00000075413.17,MARK3,chr14_103472938_G_A_b38,rs34216351,2.1e-06,0.12,Lung
ENSG00000075413.17,MARK3,chr14_103474099_G_A_b38,rs62007718,2.1e-06,0.12,Lung
ENSG00000075413.17,MARK3,chr14_103476793_G_T_b38,rs62007719,2.1e-06,0.12,Lung
ENSG00000075413.17,MARK3,chr14_103482289_G_A_b38,rs2403180,2.1e-06,0.12,Lung
ENSG00000075413.17,MARK3,chr14_103486116_A_C_b38,rs11628213,2.1e-06,0.12,Lung
ENSG00000075413.17,MARK3,chr14_103486695_T_C_b38,rs17617941,2.1e-06,0.12,Lung
ENSG00000075413.17,MARK3,chr14_103493689_A_G_b38,rs56365443,2.1e-06,0.12,Lung
ENSG00000075413.17,MARK3,chr14_103495219_C_G_b38,rs62006268,2.1e-06,0.12,Lung
ENSG00000075413.17,MARK3,chr14_103532086_G_C_b38,rs1022736,2.7e-06,0.12,Lung
ENSG00000075413.17,MARK3,chr14_103485144_C_T_b38,rs112700426,2.9e-06,0.12,Lung
ENSG00000075413.17,MARK3,chr14_103403512_G_C_b38,rs6575983,3e-06,-0.12,Lung
ENSG00000075413.17,MARK3,chr14_103523259_AC_A_b38,rs11353836,3.3e-06,-0.11,Lung
ENSG00000075413.17,MARK3,chr14_103585306_C_T_b38,rs60802358,3.5e-06,0.12,Lung
ENSG00000075413.17,MARK3,chr14_103528624_T_C_b38,rs1467561,4.6e-06,0.12,Lung
ENSG00000075413.17,MARK3,chr14_103395366_T_TC_b38,rs60514700,4.6e-06,-0.12,Lung
ENSG00000075413.17,MARK3,chr14_103395856_G_A_b38,rs1989565,4.6e-06,-0.12,Lung
ENSG00000075413.17,MARK3,chr14_103397633_G_C_b38,rs7155014,4.6e-06,-0.12,Lung
ENSG00000075413.17,MARK3,chr14_103517642_C_CAG_b38,rs10654440,8.4e-06,-0.11,Lung
ENSG00000075413.17,MARK3,chr14_103386388_C_T_b38,rs3825566,8.4e-06,-0.11,Lung
ENSG00000075413.17,MARK3,chr14_103384935_A_G_b38,rs3759579,1.7e-05,-0.1,Lung
ENSG00000075413.17,MARK3,chr14_103431976_T_C_b38,rs1951391,2e-05,0.12,Lung
ENSG00000075413.17,MARK3,chr14_103674578_C_T_b38,rs11627794,5.5e-05,0.12,Lung
ENSG00000075413.17,MARK3,chr14_103385438_C_T_b38,rs11627567,6.3e-05,0.12,Lung
ENSG00000075413.17,MARK3,chr14_103599127_A_T_b38,rs61996723,6.7e-05,0.12,Lung
ENSG00000075413.17,MARK3,chr14_103716661_C_T_b38,rs861528,6.8e-05,0.11,Lung
ENSG00000075413.17,MARK3,chr14_103517957_G_T_b38,rs2246490,7.3e-05,0.097,Lung
ENSG00000075413.17,MARK3,chr14_103451055_C_T_b38,rs62007715,7.8e-05,0.12,Lung
ENSG00000075413.17,MARK3,chr14_103501167_G_A_b38,rs11622835,9.6e-05,0.12,Lung
ENSG00000075413.17,MARK3,chr14_103582497_G_A_b38,rs61996718,1e-04,0.11,Lung
ENSG00000075413.17,MARK3,chr14_103411811_G_T_b38,rs7143609,1e-04,0.095,Lung
ENSG00000075413.17,MARK3,chr14_103638426_C_T_b38,rs59217746,0.00011,0.11,Lung
ENSG00000075413.17,MARK3,chr14_103397139_G_A_b38,rs11627052,0.00011,0.11,Lung
ENSG00000183735.9,TBK1,chr12_64238235_C_T_b38,rs73113505,5.9e-05,-0.24,Lung
ENSG00000183735.9,TBK1,chr12_64249578_T_C_b38,rs11175298,6.6e-05,-0.094,Lung
ENSG00000183735.9,TBK1,chr12_64307004_G_T_b38,rs10878143,7.6e-05,-0.12,Lung
ENSG00000183735.9,TBK1,chr12_64227990_GT_G_b38,rs35722197,9.7e-05,-0.099,Lung
ENSG00000183735.9,TBK1,chr12_64227995_C_G_b38,rs35086651,9.7e-05,-0.099,Lung
ENSG00000183735.9,TBK1,chr12_64188360_C_G_b38,rs138988097,0.00011,-0.24,Lung
ENSG00000164251.4,F2RL1,chr5_76797489_G_A_b38,rs636150,2.1e-10,0.3,Lung
ENSG00000164251.4,F2RL1,chr5_76786577_C_T_b38,rs112244672,2.3e-10,-0.34,Lung
ENSG00000164251.4,F2RL1,chr5_76776245_G_A_b38,rs73131633,2.7e-10,0.3,Lung
ENSG00000164251.4,F2RL1,chr5_76785268_C_T_b38,rs28493768,2.7e-10,0.3,Lung
ENSG00000164251.4,F2RL1,chr5_76778137_C_T_b38,rs59233748,3.2e-10,0.29,Lung
ENSG00000164251.4,F2RL1,chr5_76790970_T_C_b38,rs17682153,3.6e-10,-0.33,Lung
ENSG00000164251.4,F2RL1,chr5_76817044_G_A_b38,rs639342,4.1e-10,0.33,Lung
ENSG00000164251.4,F2RL1,chr5_76819347_G_A_b38,rs686868,4.1e-10,0.33,Lung
ENSG00000164251.4,F2RL1,chr5_76823053_A_C_b38,rs2243018,5.8e-10,0.33,Lung
ENSG00000164251.4,F2RL1,chr5_76783038_A_C_b38,rs4704362,1.9e-09,-0.4,Lung
ENSG00000164251.4,F2RL1,chr5_76741726_A_G_b38,rs250753,9.6e-09,-0.25,Lung
ENSG00000164251.4,F2RL1,chr5_76798911_T_A_b38,rs56193109,6e-08,-0.27,Lung
ENSG00000164251.4,F2RL1,chr5_76738566_A_G_b38,rs250735,6e-08,-0.24,Lung
ENSG00000164251.4,F2RL1,chr5_76731998_A_C_b38,rs153311,6.8e-08,-0.24,Lung
ENSG00000164251.4,F2RL1,chr5_76737923_T_C_b38,rs153309,6.8e-08,-0.24,Lung
ENSG00000164251.4,F2RL1,chr5_76738938_C_G_b38,rs250734,7.2e-08,-0.24,Lung
ENSG00000164251.4,F2RL1,chr5_76737477_T_A_b38,rs250737,1e-07,-0.24,Lung
ENSG00000164251.4,F2RL1,chr5_76739176_A_G_b38,rs250733,1.3e-07,-0.24,Lung
ENSG00000164251.4,F2RL1,chr5_76746418_C_T_b38,rs250743,1.4e-07,-0.2,Lung
ENSG00000164251.4,F2RL1,chr5_76745162_C_T_b38,rs114828933,1.5e-07,0.4,Lung
ENSG00000164251.4,F2RL1,chr5_76819696_C_T_b38,rs2242993,1.8e-07,-0.21,Lung
ENSG00000164251.4,F2RL1,chr5_76839328_C_T_b38,rs12186357,5.4e-07,-0.2,Lung
ENSG00000164251.4,F2RL1,chr5_76769789_G_A_b38,rs75330372,8.7e-07,-0.28,Lung
ENSG00000164251.4,F2RL1,chr5_76770342_G_A_b38,rs77702985,8.7e-07,-0.28,Lung
ENSG00000164251.4,F2RL1,chr5_76771247_C_A_b38,rs58701693,8.7e-07,-0.28,Lung
ENSG00000164251.4,F2RL1,chr5_76796862_C_T_b38,rs2607351,9.9e-07,-0.18,Lung
ENSG00000164251.4,F2RL1,chr5_76809004_ACT_A_b38,rs34231938,1.5e-06,-0.19,Lung
ENSG00000164251.4,F2RL1,chr5_76765846_C_T_b38,rs4703718,1.8e-06,-0.26,Lung
ENSG00000164251.4,F2RL1,chr5_76797549_T_C_b38,rs458591,3e-06,-0.17,Lung
ENSG00000164251.4,F2RL1,chr5_76765813_C_T_b38,rs4704361,5.1e-06,-0.25,Lung
ENSG00000164251.4,F2RL1,chr5_76738017_A_G_b38,rs2227836,6.7e-06,0.51,Lung
ENSG00000164251.4,F2RL1,chr5_76779949_A_G_b38,rs181837,1.5e-05,0.16,Lung
ENSG00000164251.4,F2RL1,chr5_76790570_TGAGTAACACAGG_T_b38,rs72427862,1.5e-05,-0.16,Lung
ENSG00000164251.4,F2RL1,chr5_76771036_A_G_b38,rs57550435,1.6e-05,-0.23,Lung
ENSG00000164251.4,F2RL1,chr5_76789145_C_CTCTTTATTTTTTTTATTTTTTTTAT_b38,rs367961427,1.6e-05,0.16,Lung
ENSG00000164251.4,F2RL1,chr5_76845954_A_G_b38,rs2460498,2e-05,-0.21,Lung
ENSG00000164251.4,F2RL1,chr5_76788182_C_CA_b38,rs201822724,2.9e-05,0.16,Lung
ENSG00000164251.4,F2RL1,chr5_76786779_T_C_b38,rs55852251,3.1e-05,-0.66,Lung
ENSG00000164251.4,F2RL1,chr5_76781099_C_T_b38,rs2562514,3.3e-05,0.16,Lung
ENSG00000164251.4,F2RL1,chr5_76756101_C_CAAAG_b38,rs10647961,3.4e-05,-0.21,Lung
ENSG00000164251.4,F2RL1,chr5_76790594_ACT_A_b38,rs67861652,3.5e-05,-0.15,Lung
ENSG00000164251.4,F2RL1,chr5_76783009_T_C_b38,rs11744764,4.1e-05,0.15,Lung
ENSG00000164251.4,F2RL1,chr5_76735210_A_C_b38,rs1801718,6e-05,-0.21,Lung
ENSG00000164251.4,F2RL1,chr5_76756251_C_T_b38,rs250721,6.7e-05,-0.2,Lung
ENSG00000164251.4,F2RL1,chr5_76760650_C_G_b38,rs55721506,7e-05,-0.61,Lung
ENSG00000164251.4,F2RL1,chr5_76776502_A_G_b38,rs250757,7e-05,0.15,Lung
ENSG00000164251.4,F2RL1,chr5_76776910_G_A_b38,rs153313,7e-05,0.15,Lung
ENSG00000155506.16,LARP1,chr5_154821052_A_T_b38,rs3867430,9.6e-06,-0.09,Lung
ENSG00000155506.16,LARP1,chr5_154867737_TAA_T_b38,rs35471086,1.7e-05,-0.088,Lung
ENSG00000155506.16,LARP1,chr5_154820703_G_A_b38,rs11167702,2.2e-05,-0.087,Lung
ENSG00000155506.16,LARP1,chr5_154902991_T_C_b38,rs10515726,2.7e-05,-0.086,Lung
ENSG00000155506.16,LARP1,chr5_154764195_A_C_b38,rs56226335,3.5e-05,-0.084,Lung
ENSG00000155506.16,LARP1,chr5_154770891_T_A_b38,rs6886571,3.5e-05,-0.084,Lung
ENSG00000155506.16,LARP1,chr5_154922414_G_A_b38,rs348741,3.9e-05,-0.085,Lung
ENSG00000155506.16,LARP1,chr5_154953584_G_A_b38,rs593637,5.5e-05,-0.083,Lung
ENSG00000155506.16,LARP1,chr5_154917235_A_C_b38,rs348735,6.3e-05,-0.083,Lung
ENSG00000155506.16,LARP1,chr5_154832925_G_A_b38,rs11740589,6.7e-05,-0.082,Lung
ENSG00000155506.16,LARP1,chr5_154877676_G_A_b38,rs11740031,6.7e-05,-0.082,Lung
ENSG00000155506.16,LARP1,chr5_154810428_T_G_b38,rs112218946,6.7e-05,-0.082,Lung
ENSG00000155506.16,LARP1,chr5_154689314_G_A_b38,rs7710726,7.4e-05,-0.08,Lung
ENSG00000155506.16,LARP1,chr5_154202970_C_T_b38,rs77134751,7.6e-05,0.27,Lung
ENSG00000155506.16,LARP1,chr5_154203052_G_A_b38,rs71590131,7.6e-05,0.27,Lung
ENSG00000155506.16,LARP1,chr5_154687529_C_G_b38,rs112615668,7.7e-05,-0.08,Lung
ENSG00000155506.16,LARP1,chr5_154990280_A_C_b38,rs112436823,8.1e-05,-0.084,Lung
ENSG00000155506.16,LARP1,chr5_154208480_TTCTC_T_b38,rs67399807,8.3e-05,0.28,Lung
ENSG00000155506.16,LARP1,chr5_154968992_C_T_b38,rs286595,9.7e-05,-0.079,Lung
ENSG00000155506.16,LARP1,chr5_154197136_TG_T_b38,rs200124631,1e-04,0.27,Lung
ENSG00000155506.16,LARP1,chr5_154974481_T_G_b38,rs158133,0.00012,-0.078,Lung
ENSG00000155506.16,LARP1,chr5_154986674_C_T_b38,rs286622,0.00012,-0.079,Lung
ENSG00000155506.16,LARP1,chr5_154752545_G_A_b38,rs62382162,0.00013,0.12,Lung
ENSG00000155506.16,LARP1,chr5_154928303_T_C_b38,rs903837,0.00013,-0.078,Lung
ENSG00000155506.16,LARP1,chr5_154723831_C_T_b38,rs74862060,0.00014,-0.078,Lung
ENSG00000155506.16,LARP1,chr5_154906208_C_T_b38,rs11743080,0.00014,-0.078,Lung
ENSG00000155506.16,LARP1,chr5_154691798_GTTCT_G_b38,rs150535735,0.00014,-0.095,Lung
ENSG00000155506.16,LARP1,chr5_154967424_C_T_b38,rs286596,0.00015,-0.078,Lung
ENSG00000155506.16,LARP1,chr5_154887728_A_G_b38,rs7328,0.00015,-0.077,Lung
ENSG00000079150.17,FKBP7,chr2_178496842_T_C_b38,rs7602597,2.6e-20,0.29,Lung
ENSG00000079150.17,FKBP7,chr2_178474879_T_G_b38,rs7598228,5.3e-19,0.28,Lung
ENSG00000079150.17,FKBP7,chr2_178477226_G_A_b38,rs6704545,9.3e-19,0.28,Lung
ENSG00000079150.17,FKBP7,chr2_178468382_A_G_b38,rs7587593,1.4e-18,0.27,Lung
ENSG00000079150.17,FKBP7,chr2_178479275_C_CA_b38,rs3214535,1.7e-18,0.27,Lung
ENSG00000079150.17,FKBP7,chr2_178425958_T_TTGAAA_b38,rs147038114,5.6e-18,0.27,Lung
ENSG00000079150.17,FKBP7,chr2_178419916_G_A_b38,rs4894018,6.7e-18,0.27,Lung
ENSG00000079150.17,FKBP7,chr2_178419936_A_G_b38,rs4894019,8.1e-18,0.27,Lung
ENSG00000079150.17,FKBP7,chr2_178422107_G_A_b38,rs13411588,8.1e-18,0.27,Lung
ENSG00000079150.17,FKBP7,chr2_178423963_T_G_b38,rs4894020,8.1e-18,0.27,Lung
ENSG00000079150.17,FKBP7,chr2_178424905_A_G_b38,rs2366603,1.1e-17,0.27,Lung
ENSG00000079150.17,FKBP7,chr2_178496478_C_A_b38,rs3769866,1.3e-17,0.27,Lung
ENSG00000079150.17,FKBP7,chr2_178496514_T_TTA_b38,rs3835921,1.3e-17,0.27,Lung
ENSG00000079150.17,FKBP7,chr2_178447713_G_GTAC_b38,rs150523431,1.8e-17,0.27,Lung
ENSG00000079150.17,FKBP7,chr2_178447886_T_C_b38,rs3752689,1.8e-17,0.27,Lung
ENSG00000079150.17,FKBP7,chr2_178463146_G_A_b38,rs6710856,1.8e-17,0.27,Lung
ENSG00000079150.17,FKBP7,chr2_178438335_AAT_A_b38,rs72456578,1.8e-17,0.27,Lung
ENSG00000079150.17,FKBP7,chr2_178439249_G_C_b38,rs10930831,1.8e-17,0.27,Lung
ENSG00000079150.17,FKBP7,chr2_178483175_T_C_b38,rs2016615,2.3e-17,0.27,Lung
ENSG00000079150.17,FKBP7,chr2_178433097_A_G_b38,rs6739142,2.6e-17,0.26,Lung
ENSG00000079150.17,FKBP7,chr2_178454664_G_A_b38,rs6753709,2.6e-17,0.26,Lung
ENSG00000079150.17,FKBP7,chr2_178457177_T_C_b38,rs6758838,2.6e-17,0.26,Lung
ENSG00000079150.17,FKBP7,chr2_178459298_C_T_b38,rs7600176,2.6e-17,0.26,Lung
ENSG00000079150.17,FKBP7,chr2_178504189_C_G_b38,rs3731754,7.7e-17,0.27,Lung
ENSG00000079150.17,FKBP7,chr2_178472315_G_T_b38,rs6726043,2.8e-16,0.27,Lung
ENSG00000079150.17,FKBP7,chr2_178446802_G_A_b38,rs2886712,3.4e-16,0.26,Lung
ENSG00000079150.17,FKBP7,chr2_178493211_C_G_b38,rs16866342,5.3e-16,0.26,Lung
ENSG00000079150.17,FKBP7,chr2_178502359_A_G_b38,rs967507,4.4e-15,0.27,Lung
ENSG00000079150.17,FKBP7,chr2_178429884_A_G_b38,rs10207436,3.1e-14,0.23,Lung
ENSG00000079150.17,FKBP7,chr2_178449632_G_C_b38,rs1967327,2.1e-13,0.25,Lung
ENSG00000079150.17,FKBP7,chr2_178431116_G_T_b38,rs3769867,2.2e-13,0.25,Lung
ENSG00000079150.17,FKBP7,chr2_178468723_T_C_b38,rs7575643,3e-13,0.25,Lung
ENSG00000079150.17,FKBP7,chr2_178425965_A_G_b38,rs57115861,3.3e-13,0.25,Lung
ENSG00000079150.17,FKBP7,chr2_178441301_GAACA_G_b38,rs148683584,6e-13,0.25,Lung
ENSG00000079150.17,FKBP7,chr2_178484500_T_G_b38,rs9967820,2.1e-12,0.26,Lung
ENSG00000079150.17,FKBP7,chr2_178492524_A_G_b38,rs33998881,2.1e-12,0.26,Lung
ENSG00000079150.17,FKBP7,chr2_178493938_A_G_b38,rs2303536,2.1e-12,0.25,Lung
ENSG00000079150.17,FKBP7,chr2_178477603_T_C_b38,rs1863671,2.5e-12,0.24,Lung
ENSG00000079150.17,FKBP7,chr2_178421211_G_A_b38,rs10188593,2.6e-12,0.24,Lung
ENSG00000079150.17,FKBP7,chr2_178426237_G_A_b38,rs28773318,2.6e-12,0.24,Lung
ENSG00000079150.17,FKBP7,chr2_178443775_A_C_b38,rs2288320,2.6e-12,0.24,Lung
ENSG00000079150.17,FKBP7,chr2_178448955_G_C_b38,rs13382684,2.6e-12,0.24,Lung
ENSG00000079150.17,FKBP7,chr2_178424522_CTTCT_C_b38,rs145766673,3.1e-12,0.24,Lung
ENSG00000079150.17,FKBP7,chr2_178428039_A_G_b38,rs2366604,6.2e-12,0.2,Lung
ENSG00000079150.17,FKBP7,chr2_178423107_T_C_b38,rs2114582,6.7e-12,0.2,Lung
ENSG00000079150.17,FKBP7,chr2_178512553_G_A_b38,rs8179648,8.6e-12,0.25,Lung
ENSG00000079150.17,FKBP7,chr2_178458390_C_T_b38,rs2288322,1.4e-11,0.2,Lung
ENSG00000079150.17,FKBP7,chr2_178457584_T_TGGTCCCTCCCACC_b38,rs113195419,1.5e-11,0.2,Lung
ENSG00000079150.17,FKBP7,chr2_178457588_T_A_b38,rs75932439,1.5e-11,0.2,Lung
ENSG00000079150.17,FKBP7,chr2_178417710_T_C_b38,rs7589679,3.1e-11,0.18,Lung
ENSG00000079150.17,FKBP7,chr2_178513821_G_C_b38,rs12615347,3.8e-11,0.25,Lung
ENSG00000079150.17,FKBP7,chr2_178471620_T_C_b38,rs1559908,3.9e-11,0.24,Lung
ENSG00000079150.17,FKBP7,chr2_178471945_A_G_b38,rs16866334,3.9e-11,0.24,Lung
ENSG00000079150.17,FKBP7,chr2_178416335_C_T_b38,rs4894017,4.2e-11,0.18,Lung
ENSG00000079150.17,FKBP7,chr2_178412167_C_A_b38,rs9288019,4.3e-11,0.18,Lung
ENSG00000079150.17,FKBP7,chr2_178449216_C_CTGAT_b38,rs111682634,5e-11,0.19,Lung
ENSG00000079150.17,FKBP7,chr2_178483680_G_A_b38,rs1978580,7e-11,0.19,Lung
ENSG00000079150.17,FKBP7,chr2_178486594_T_TCTTA_b38,rs145560289,9.6e-11,0.25,Lung
ENSG00000079150.17,FKBP7,chr2_178406636_T_G_b38,rs2366601,1.1e-10,0.17,Lung
ENSG00000079150.17,FKBP7,chr2_178497154_G_T_b38,rs12052983,1.3e-10,0.19,Lung
ENSG00000079150.17,FKBP7,chr2_178488130_G_A_b38,rs7577862,1.4e-10,0.25,Lung
ENSG00000079150.17,FKBP7,chr2_178487723_T_C_b38,rs7588593,2.6e-10,0.24,Lung
ENSG00000079150.17,FKBP7,chr2_178493115_C_T_b38,rs60488846,2.6e-10,0.24,Lung
ENSG00000079150.17,FKBP7,chr2_178400621_C_T_b38,rs10201175,3.9e-10,0.17,Lung
ENSG00000079150.17,FKBP7,chr2_178394196_C_T_b38,rs919177,4.5e-10,0.17,Lung
ENSG00000079150.17,FKBP7,chr2_178394992_G_C_b38,rs6757186,7e-10,0.17,Lung
ENSG00000079150.17,FKBP7,chr2_178398560_C_T_b38,rs890579,7.2e-10,0.17,Lung
ENSG00000079150.17,FKBP7,chr2_178501366_C_T_b38,rs2303537,5e-09,0.17,Lung
ENSG00000079150.17,FKBP7,chr2_178383669_A_G_b38,rs723841,5.8e-09,0.16,Lung
ENSG00000079150.17,FKBP7,chr2_178385670_A_G_b38,rs2276617,6.4e-09,0.16,Lung
ENSG00000079150.17,FKBP7,chr2_178412473_TAA_T_b38,rs34649761,2.1e-08,0.15,Lung
ENSG00000079150.17,FKBP7,chr2_178413053_C_G_b38,rs10179153,2.2e-08,0.15,Lung
ENSG00000079150.17,FKBP7,chr2_178403429_GTAATAA_G_b38,rs10570366,2.5e-08,0.15,Lung
ENSG00000079150.17,FKBP7,chr2_178443793_G_C_b38,rs2288321,1e-07,0.24,Lung
ENSG00000079150.17,FKBP7,chr2_178416708_A_G_b38,rs9973732,1.6e-07,0.14,Lung
ENSG00000079150.17,FKBP7,chr2_178417610_T_C_b38,rs7589565,1.6e-07,0.14,Lung
ENSG00000079150.17,FKBP7,chr2_178416072_A_G_b38,rs11688081,2e-07,0.15,Lung
ENSG00000079150.17,FKBP7,chr2_178503653_G_A_b38,rs16866352,2.3e-07,0.24,Lung
ENSG00000079150.17,FKBP7,chr2_178386279_C_T_b38,rs728005,3.5e-07,0.14,Lung
ENSG00000079150.17,FKBP7,chr2_178393732_G_A_b38,rs1434085,4.3e-07,0.14,Lung
ENSG00000079150.17,FKBP7,chr2_178411700_C_T_b38,rs10173183,5e-07,0.14,Lung
ENSG00000079150.17,FKBP7,chr2_178556567_C_T_b38,rs35504893,5.5e-07,0.17,Lung
ENSG00000079150.17,FKBP7,chr2_178625751_T_C_b38,rs12988307,5.8e-07,0.16,Lung
ENSG00000079150.17,FKBP7,chr2_178516988_G_C_b38,rs6723399,6.3e-07,0.17,Lung
ENSG00000079150.17,FKBP7,chr2_178393254_A_C_b38,rs6720559,6.6e-07,0.13,Lung
ENSG00000079150.17,FKBP7,chr2_178406156_A_T_b38,rs4019558,7.1e-07,0.14,Lung
ENSG00000079150.17,FKBP7,chr2_178410447_GAACA_G_b38,rs10535635,8.3e-07,0.14,Lung
ENSG00000079150.17,FKBP7,chr2_178693555_T_A_b38,rs2255167,1.9e-06,0.15,Lung
ENSG00000079150.17,FKBP7,chr2_178404951_A_G_b38,rs2114581,4e-06,0.13,Lung
ENSG00000079150.17,FKBP7,chr2_178584184_G_A_b38,rs16866400,4.6e-06,0.15,Lung
ENSG00000079150.17,FKBP7,chr2_178401400_G_A_b38,rs10204497,4.8e-06,0.13,Lung
ENSG00000079150.17,FKBP7,chr2_178649706_T_C_b38,rs2562845,4.9e-06,0.15,Lung
ENSG00000079150.17,FKBP7,chr2_178397705_G_A_b38,rs1560870,5.2e-06,0.12,Lung
ENSG00000079150.17,FKBP7,chr2_178626227_C_T_b38,rs16866418,6e-06,0.15,Lung
ENSG00000079150.17,FKBP7,chr2_178395228_G_A_b38,rs7605289,7.3e-06,0.12,Lung
ENSG00000079150.17,FKBP7,chr2_178549906_C_A_b38,rs890578,8.3e-06,0.16,Lung
ENSG00000079150.17,FKBP7,chr2_178386113_G_A_b38,rs4404314,9.3e-06,0.12,Lung
ENSG00000079150.17,FKBP7,chr2_178546938_A_G_b38,rs2288327,1e-05,0.16,Lung
ENSG00000079150.17,FKBP7,chr2_178463418_G_A_b38,rs11687811,1.1e-05,0.22,Lung
ENSG00000079150.17,FKBP7,chr2_178580212_C_T_b38,rs2303838,1.7e-05,0.14,Lung
ENSG00000079150.17,FKBP7,chr2_178579410_A_G_b38,rs2288571,2e-05,0.15,Lung
ENSG00000079150.17,FKBP7,chr2_178458404_T_A_b38,rs76996376,2.1e-05,0.5,Lung
ENSG00000079150.17,FKBP7,chr2_178683133_A_G_b38,rs2303828,3.7e-05,0.14,Lung
ENSG00000079150.17,FKBP7,chr2_178566270_G_A_b38,rs3731746,3.7e-05,0.14,Lung
ENSG00000079150.17,FKBP7,chr2_178447910_G_A_b38,rs72953357,4.4e-05,-0.21,Lung
ENSG00000079150.17,FKBP7,chr2_178471873_T_C_b38,rs17225700,4.4e-05,-0.21,Lung
ENSG00000079150.17,FKBP7,chr2_178675176_C_A_b38,rs2472751,4.8e-05,0.12,Lung
ENSG00000079150.17,FKBP7,chr2_178819739_C_A_b38,rs10178003,5.5e-05,0.16,Lung
ENSG00000079150.17,FKBP7,chr2_178678490_C_T_b38,rs35112591,6.1e-05,0.15,Lung
ENSG00000079150.17,FKBP7,chr2_178624999_A_G_b38,rs12614435,6.4e-05,0.14,Lung
ENSG00000079150.17,FKBP7,chr2_178763953_G_C_b38,rs1484119,6.5e-05,-0.13,Lung
ENSG00000079150.17,FKBP7,chr2_178815077_A_G_b38,rs2029397,6.6e-05,0.15,Lung
ENSG00000079150.17,FKBP7,chr2_178815494_T_C_b38,rs2029395,6.6e-05,0.15,Lung
ENSG00000079150.17,FKBP7,chr2_178715856_T_C_b38,rs2562834,7e-05,0.13,Lung
ENSG00000079150.17,FKBP7,chr2_178556967_A_G_b38,rs9808377,7.2e-05,0.12,Lung
ENSG00000079150.17,FKBP7,chr2_178766635_A_C_b38,rs3816782,7.8e-05,0.19,Lung
ENSG00000079150.17,FKBP7,chr2_178583121_T_C_b38,rs4894029,8.2e-05,0.12,Lung
ENSG00000079150.17,FKBP7,chr2_178623467_C_T_b38,rs12693162,8.3e-05,0.12,Lung
ENSG00000079150.17,FKBP7,chr2_178626058_C_T_b38,rs36113194,8.3e-05,0.12,Lung
ENSG00000079150.17,FKBP7,chr2_178562459_A_G_b38,rs2366751,8.7e-05,0.12,Lung
ENSG00000079150.17,FKBP7,chr2_178562809_T_C_b38,rs3829746,8.7e-05,0.12,Lung
ENSG00000079150.17,FKBP7,chr2_178767983_T_C_b38,rs2291313,8.7e-05,-0.13,Lung
ENSG00000079150.17,FKBP7,chr2_178722960_T_C_b38,rs2742327,8.9e-05,0.12,Lung
ENSG00000079150.17,FKBP7,chr2_178516596_T_G_b38,rs6735077,9e-05,0.12,Lung
ENSG00000079150.17,FKBP7,chr2_178519690_T_C_b38,rs957875,9e-05,0.12,Lung
ENSG00000079150.17,FKBP7,chr2_178419563_CTCTT_C_b38,rs144192244,9.6e-05,-0.2,Lung
ENSG00000079150.17,FKBP7,chr2_178735921_C_T_b38,rs2742347,1e-04,0.21,Lung
ENSG00000079150.17,FKBP7,chr2_178737248_A_G_b38,rs2627040,1e-04,0.21,Lung
ENSG00000079150.17,FKBP7,chr2_178714485_T_C_b38,rs2562838,1e-04,0.12,Lung
ENSG00000079150.17,FKBP7,chr2_178541080_A_G_b38,rs3820978,1e-04,0.12,Lung
ENSG00000079150.17,FKBP7,chr2_178398036_A_G_b38,rs747626,1e-04,0.42,Lung
ENSG00000079150.17,FKBP7,chr2_178753735_C_T_b38,rs1484116,1e-04,-0.12,Lung
ENSG00000079150.17,FKBP7,chr2_178541276_C_A_b38,rs3731750,1e-04,0.12,Lung
ENSG00000079150.17,FKBP7,chr2_178626508_T_G_b38,rs16866420,0.00011,0.12,Lung
ENSG00000079150.17,FKBP7,chr2_178578490_T_G_b38,rs3769864,0.00012,0.12,Lung
ENSG00000079150.17,FKBP7,chr2_178730390_C_G_b38,rs17076,0.00014,0.13,Lung
ENSG00000079150.17,FKBP7,chr2_178425089_TTTTG_T_b38,rs146928347,0.00014,0.23,Lung
ENSG00000079150.17,FKBP7,chr2_178698272_C_CTTAG_b38,rs3045696,0.00014,0.12,Lung
ENSG00000079150.17,FKBP7,chr2_178717810_G_T_b38,rs2627043,0.00014,0.12,Lung
ENSG00000079150.17,FKBP7,chr2_178597415_A_G_b38,rs6712785,0.00015,0.12,Lung
ENSG00000079150.17,FKBP7,chr2_178599800_T_C_b38,rs1001238,0.00015,0.12,Lung
ENSG00000079150.17,FKBP7,chr2_178446633_G_C_b38,rs72953355,0.00016,-0.2,Lung
ENSG00000079150.17,FKBP7,chr2_178475983_C_T_b38,rs6757474,0.00017,0.25,Lung
ENSG00000079150.17,FKBP7,chr2_178718671_T_C_b38,rs62178978,0.00018,0.13,Lung
ENSG00000079150.17,FKBP7,chr2_178405152_TTTA_T_b38,rs140438136,0.00018,-0.2,Lung
ENSG00000079150.17,FKBP7,chr2_178711869_A_T_b38,rs2742331,2e-04,0.12,Lung
ENSG00000141756.18,FKBP10,chr17_41816944_TATAGGGAGGGGGGATTGTGTGCG_T_b38,rs148476966,7.5e-08,-0.24,Lung
ENSG00000141756.18,FKBP10,chr17_41836633_G_A_b38,rs111264802,1.3e-07,-0.24,Lung
ENSG00000141756.18,FKBP10,chr17_41900339_G_A_b38,rs149858330,4.2e-07,-0.23,Lung
ENSG00000141756.18,FKBP10,chr17_41917616_G_A_b38,rs112918580,4.2e-07,-0.23,Lung
ENSG00000141756.18,FKBP10,chr17_41921074_C_T_b38,rs113058130,4.2e-07,-0.23,Lung
ENSG00000141756.18,FKBP10,chr17_41946193_GTC_G_b38,rs1183604509,8.1e-06,-0.23,Lung
ENSG00000141756.18,FKBP10,chr17_41964324_G_T_b38,rs113401712,8.1e-06,-0.23,Lung
ENSG00000141756.18,FKBP10,chr17_42102047_C_T_b38,rs77876788,2.9e-05,-0.27,Lung
ENSG00000135930.13,EIF4E2,chr2_232576710_C_T_b38,rs7571716,5.9e-09,0.11,Lung
ENSG00000135930.13,EIF4E2,chr2_232577306_G_A_b38,rs13393692,7.6e-09,0.11,Lung
ENSG00000135930.13,EIF4E2,chr2_232597563_T_C_b38,rs9808024,8.3e-09,0.11,Lung
ENSG00000135930.13,EIF4E2,chr2_232581549_ACT_A_b38,rs141220150,8.7e-09,0.11,Lung
ENSG00000135930.13,EIF4E2,chr2_232577381_G_A_b38,rs13393800,9.7e-09,0.11,Lung
ENSG00000135930.13,EIF4E2,chr2_232584140_CTCTG_C_b38,rs142367822,9.7e-09,0.11,Lung
ENSG00000135930.13,EIF4E2,chr2_232591552_G_A_b38,rs60029373,1e-08,0.11,Lung
ENSG00000135930.13,EIF4E2,chr2_232575586_C_A_b38,rs12617363,1.9e-08,0.11,Lung
ENSG00000135930.13,EIF4E2,chr2_232553222_TAAGATGCTTTCAC_T_b38,rs145224896,2.1e-08,-0.11,Lung
ENSG00000135930.13,EIF4E2,chr2_232554686_T_G_b38,rs1201451,2.1e-08,-0.11,Lung
ENSG00000135930.13,EIF4E2,chr2_232555342_A_G_b38,rs1190447,2.1e-08,-0.11,Lung
ENSG00000135930.13,EIF4E2,chr2_232555943_C_CACTG_b38,rs35572371,2.1e-08,-0.11,Lung
ENSG00000135930.13,EIF4E2,chr2_232560181_G_A_b38,rs1729245,2.1e-08,-0.11,Lung
ENSG00000135930.13,EIF4E2,chr2_232563675_C_T_b38,rs1550096,2.1e-08,-0.11,Lung
ENSG00000135930.13,EIF4E2,chr2_232564714_A_G_b38,rs1729256,2.1e-08,-0.11,Lung
ENSG00000135930.13,EIF4E2,chr2_232572558_G_A_b38,rs13394993,2.1e-08,0.11,Lung
ENSG00000135930.13,EIF4E2,chr2_232574076_G_A_b38,rs2293338,2.1e-08,0.11,Lung
ENSG00000135930.13,EIF4E2,chr2_232553578_G_C_b38,rs1190451,3e-08,-0.11,Lung
ENSG00000135930.13,EIF4E2,chr2_232553592_G_A_b38,rs1190450,3e-08,-0.11,Lung
ENSG00000135930.13,EIF4E2,chr2_232553865_C_CA_b38,rs3838537,3e-08,-0.11,Lung
ENSG00000135930.13,EIF4E2,chr2_232554374_A_G_b38,rs1190448,3e-08,-0.11,Lung
ENSG00000135930.13,EIF4E2,chr2_232556574_CT_C_b38,rs3830645,6e-08,-0.1,Lung
ENSG00000135930.13,EIF4E2,chr2_232575141_G_C_b38,rs10185980,6e-08,0.1,Lung
ENSG00000135930.13,EIF4E2,chr2_232595152_A_G_b38,rs10193553,6.9e-08,0.11,Lung
ENSG00000135930.13,EIF4E2,chr2_232594953_C_T_b38,rs4468805,1.1e-07,0.1,Lung
ENSG00000135930.13,EIF4E2,chr2_232595028_A_C_b38,rs4555341,1.1e-07,0.1,Lung
ENSG00000135930.13,EIF4E2,chr2_232586453_C_T_b38,rs2276559,1.1e-07,0.1,Lung
ENSG00000135930.13,EIF4E2,chr2_232552602_T_G_b38,rs1190453,5.4e-07,-0.096,Lung
ENSG00000135930.13,EIF4E2,chr2_232552842_G_A_b38,rs1190452,5.4e-07,-0.096,Lung
ENSG00000135930.13,EIF4E2,chr2_232576046_A_C_b38,rs62191571,5.7e-07,0.095,Lung
ENSG00000135930.13,EIF4E2,chr2_232597385_G_A_b38,rs10206657,6.4e-07,0.1,Lung
ENSG00000135930.13,EIF4E2,chr2_232576214_C_T_b38,rs7571154,9.6e-07,0.096,Lung
ENSG00000135930.13,EIF4E2,chr2_232553351_C_G_b38,rs2049722,1.2e-06,-0.088,Lung
ENSG00000135930.13,EIF4E2,chr2_232576503_CT_C_b38,rs11348496,3.4e-06,0.089,Lung
ENSG00000135930.13,EIF4E2,chr2_232555262_C_T_b38,rs1307667,4e-06,-0.088,Lung
ENSG00000135930.13,EIF4E2,chr2_232556117_A_G_b38,rs1190445,4e-06,-0.088,Lung
ENSG00000135930.13,EIF4E2,chr2_232586110_T_G_b38,rs12620925,8.7e-06,0.085,Lung
ENSG00000135930.13,EIF4E2,chr2_232586114_G_T_b38,rs12617649,8.7e-06,0.085,Lung
ENSG00000135930.13,EIF4E2,chr2_232582111_A_G_b38,rs6437068,2.1e-05,-0.078,Lung
ENSG00000135930.13,EIF4E2,chr2_232583365_C_CTGGGTTTTCTGTTTGAAATTGGCCCCTACTCCTCTCCAGCCCTTTAT_b38,rs754217203,2.1e-05,-0.08,Lung
ENSG00000135930.13,EIF4E2,chr2_232589882_T_C_b38,rs2344309,2.3e-05,-0.078,Lung
ENSG00000135930.13,EIF4E2,chr2_232590367_G_A_b38,rs6756235,2.3e-05,-0.078,Lung
ENSG00000135930.13,EIF4E2,chr2_232591374_A_G_b38,rs2037681,2.3e-05,-0.078,Lung
ENSG00000135930.13,EIF4E2,chr2_232561367_G_A_b38,rs12694906,2.4e-05,-0.078,Lung
ENSG00000135930.13,EIF4E2,chr2_232563532_A_G_b38,rs1550098,3.1e-05,-0.076,Lung
ENSG00000135930.13,EIF4E2,chr2_232567923_A_T_b38,rs3791712,3.2e-05,-0.077,Lung
ENSG00000135930.13,EIF4E2,chr2_232568173_A_G_b38,rs3791711,3.2e-05,-0.077,Lung
ENSG00000135930.13,EIF4E2,chr2_232575506_T_C_b38,rs11689872,6.4e-05,-0.073,Lung
ENSG00000135930.13,EIF4E2,chr2_232586075_GCAATGGAACTAATCCAGCACCATC_G_b38,rs11271391,9.4e-05,-0.073,Lung
ENSG00000135930.13,EIF4E2,chr2_232591543_T_C_b38,rs7568950,1e-04,-0.071,Lung
ENSG00000110713.15,NUP98,chr11_3790934_T_C_b38,rs12279623,2.8e-09,0.14,Lung
ENSG00000110713.15,NUP98,chr11_3719344_C_T_b38,rs11029446,3.5e-09,0.14,Lung
ENSG00000110713.15,NUP98,chr11_3791877_C_T_b38,rs34960028,4.3e-09,0.14,Lung
ENSG00000110713.15,NUP98,chr11_3728466_C_T_b38,rs10834967,4.8e-09,0.13,Lung
ENSG00000110713.15,NUP98,chr11_3755820_C_T_b38,rs34607553,5.1e-09,0.13,Lung
ENSG00000110713.15,NUP98,chr11_3786995_T_G_b38,rs10767588,5.1e-09,0.13,Lung
ENSG00000110713.15,NUP98,chr11_3721640_A_C_b38,rs11029466,5.8e-09,0.13,Lung
ENSG00000110713.15,NUP98,chr11_3750694_C_T_b38,rs11029620,6.3e-09,0.13,Lung
ENSG00000110713.15,NUP98,chr11_3792133_C_T_b38,rs12273346,6.4e-09,0.13,Lung
ENSG00000110713.15,NUP98,chr11_3790935_G_A_b38,rs12284204,6.7e-09,0.13,Lung
ENSG00000110713.15,NUP98,chr11_3763661_G_A_b38,rs11029681,6.8e-09,0.13,Lung
ENSG00000110713.15,NUP98,chr11_3728355_A_C_b38,rs10834966,7.2e-09,0.13,Lung
ENSG00000110713.15,NUP98,chr11_3749970_T_C_b38,rs7111312,8.1e-09,0.13,Lung
ENSG00000110713.15,NUP98,chr11_3790295_T_C_b38,rs7924315,8.2e-09,0.13,Lung
ENSG00000110713.15,NUP98,chr11_3708888_A_C_b38,rs12292538,1e-08,0.13,Lung
ENSG00000110713.15,NUP98,chr11_3710078_G_C_b38,rs10834920,1.2e-08,0.13,Lung
ENSG00000110713.15,NUP98,chr11_3729443_C_T_b38,rs11029534,1.2e-08,0.13,Lung
ENSG00000110713.15,NUP98,chr11_3755876_C_G_b38,rs61877603,1.3e-08,0.13,Lung
ENSG00000110713.15,NUP98,chr11_3757615_A_G_b38,rs72852301,1.4e-08,0.13,Lung
ENSG00000110713.15,NUP98,chr11_3751506_A_G_b38,rs7937928,2e-08,0.13,Lung
ENSG00000110713.15,NUP98,chr11_3756605_T_C_b38,rs7110496,2.1e-08,0.13,Lung
ENSG00000110713.15,NUP98,chr11_3786908_T_G_b38,rs10767587,2.5e-08,0.13,Lung
ENSG00000110713.15,NUP98,chr11_3780189_G_T_b38,rs35169961,8.7e-08,0.13,Lung
ENSG00000110713.15,NUP98,chr11_3781842_G_T_b38,rs3758659,9.7e-08,0.12,Lung
ENSG00000110713.15,NUP98,chr11_3723935_G_A_b38,rs7931173,1.2e-07,0.13,Lung
ENSG00000110713.15,NUP98,chr11_3731014_C_A_b38,rs11029540,3e-07,0.13,Lung
ENSG00000110713.15,NUP98,chr11_3726408_T_A_b38,rs7932699,3e-07,0.13,Lung
ENSG00000110713.15,NUP98,chr11_3735456_T_C_b38,rs276907,3.7e-07,0.11,Lung
ENSG00000110713.15,NUP98,chr11_3795240_T_C_b38,rs11029783,7.3e-07,0.11,Lung
ENSG00000110713.15,NUP98,chr11_3781139_T_C_b38,rs10835080,1.1e-06,0.11,Lung
ENSG00000110713.15,NUP98,chr11_3733566_C_T_b38,rs276906,9.9e-06,0.099,Lung
ENSG00000110713.15,NUP98,chr11_3749958_G_A_b38,rs276895,4.8e-05,0.075,Lung
ENSG00000110713.15,NUP98,chr11_3767415_C_T_b38,rs2672219,6.1e-05,0.073,Lung
ENSG00000110713.15,NUP98,chr11_3743728_C_G_b38,rs7941146,6.2e-05,0.074,Lung
ENSG00000126001.15,CEP250,chr20_35528223_TC_T_b38,rs140771218,5.9e-08,0.38,Lung
ENSG00000126001.15,CEP250,chr20_35459039_C_G_b38,rs57792083,1.3e-05,0.24,Lung
ENSG00000126001.15,CEP250,chr20_35303280_G_A_b38,rs41290914,2.9e-05,0.4,Lung
ENSG00000126001.15,CEP250,chr20_35487118_G_A_b38,rs56809997,8.8e-05,0.2,Lung
ENSG00000126001.15,CEP250,chr20_36199160_C_A_b38,rs114996410,9.9e-05,0.47,Lung
ENSG00000126001.15,CEP250,chr20_35476653_C_T_b38,rs57616316,0.00019,0.19,Lung
ENSG00000126001.15,CEP250,chr20_35445740_C_T_b38,rs6058247,0.00026,0.1,Lung
ENSG00000126001.15,CEP250,chr20_36065993_T_A_b38,rs11906796,0.00032,0.45,Lung
ENSG00000126001.15,CEP250,chr20_36069587_C_A_b38,rs112785241,0.00032,0.45,Lung
ENSG00000126001.15,CEP250,chr20_36074844_A_C_b38,rs112926419,0.00032,0.45,Lung
ENSG00000126001.15,CEP250,chr20_36074938_T_A_b38,rs111585189,0.00032,0.45,Lung
ENSG00000075413.17,MARK3,chr14_103663015_G_A_b38,rs7150141,2.2e-08,0.14,Lung
ENSG00000075413.17,MARK3,chr14_103655973_T_C_b38,rs10135248,2.8e-08,0.14,Lung
ENSG00000075413.17,MARK3,chr14_103461914_T_G_b38,rs10134580,3.3e-08,0.14,Lung
ENSG00000075413.17,MARK3,chr14_103414413_C_G_b38,rs28626081,4.3e-08,0.13,Lung
ENSG00000075413.17,MARK3,chr14_103420396_A_AT_b38,rs11414860,4.3e-08,0.13,Lung
ENSG00000075413.17,MARK3,chr14_103421531_C_T_b38,rs7158822,4.3e-08,0.13,Lung
ENSG00000075413.17,MARK3,chr14_103428683_T_C_b38,rs3783395,4.3e-08,0.13,Lung
ENSG00000075413.17,MARK3,chr14_103441844_TAAC_T_b38,rs138893388,4.3e-08,0.13,Lung
ENSG00000075413.17,MARK3,chr14_103451692_C_G_b38,rs2273703,4.3e-08,0.13,Lung
ENSG00000075413.17,MARK3,chr14_103452557_C_T_b38,rs28361338,4.3e-08,0.13,Lung
ENSG00000075413.17,MARK3,chr14_103454590_G_A_b38,rs10143247,4.3e-08,0.13,Lung
ENSG00000075413.17,MARK3,chr14_103455354_C_G_b38,rs7150317,4.3e-08,0.13,Lung
ENSG00000075413.17,MARK3,chr14_103456671_T_C_b38,rs10141120,4.3e-08,0.13,Lung
ENSG00000075413.17,MARK3,chr14_103457138_A_G_b38,rs2273699,4.3e-08,0.13,Lung
ENSG00000075413.17,MARK3,chr14_103458140_A_G_b38,rs7146506,4.3e-08,0.13,Lung
ENSG00000075413.17,MARK3,chr14_103464227_T_C_b38,rs28444993,4.3e-08,0.13,Lung
ENSG00000075413.17,MARK3,chr14_103659687_C_T_b38,rs55885592,4.6e-08,0.14,Lung
ENSG00000075413.17,MARK3,chr14_103431562_C_T_b38,rs28496120,4.9e-08,0.13,Lung
ENSG00000075413.17,MARK3,chr14_103442523_C_CAAT_b38,rs35920641,4.9e-08,0.13,Lung
ENSG00000075413.17,MARK3,chr14_103442866_G_A_b38,rs1013650,4.9e-08,0.13,Lung
ENSG00000075413.17,MARK3,chr14_103537810_T_C_b38,rs10135868,8.2e-08,0.13,Lung
ENSG00000075413.17,MARK3,chr14_103420420_A_G_b38,rs7152202,9.5e-08,0.13,Lung
ENSG00000075413.17,MARK3,chr14_103472327_C_A_b38,rs28583452,9.5e-08,0.13,Lung
ENSG00000075413.17,MARK3,chr14_103474574_G_A_b38,rs11628969,9.5e-08,0.13,Lung
ENSG00000075413.17,MARK3,chr14_103476654_A_G_b38,rs8015918,9.5e-08,0.13,Lung
ENSG00000075413.17,MARK3,chr14_103484031_A_G_b38,rs3742458,9.5e-08,0.13,Lung
ENSG00000075413.17,MARK3,chr14_103485435_G_C_b38,rs8013101,9.5e-08,0.13,Lung
ENSG00000075413.17,MARK3,chr14_103486284_C_T_b38,rs7156150,9.5e-08,0.13,Lung
ENSG00000075413.17,MARK3,chr14_103499191_G_A_b38,rs7160208,9.5e-08,0.13,Lung
ENSG00000075413.17,MARK3,chr14_103501006_T_C_b38,rs9671911,9.5e-08,0.13,Lung
ENSG00000075413.17,MARK3,chr14_103501592_C_G_b38,rs3783402,9.5e-08,0.13,Lung
ENSG00000075413.17,MARK3,chr14_103511268_C_T_b38,rs10150072,9.5e-08,0.13,Lung
ENSG00000075413.17,MARK3,chr14_103511387_A_G_b38,rs8019578,9.5e-08,0.13,Lung
ENSG00000075413.17,MARK3,chr14_103512790_C_T_b38,rs10133035,9.5e-08,0.13,Lung
ENSG00000075413.17,MARK3,chr14_103554931_C_T_b38,rs942863,1.3e-07,0.14,Lung
ENSG00000075413.17,MARK3,chr14_103496222_A_G_b38,rs10141433,1.3e-07,0.13,Lung
ENSG00000075413.17,MARK3,chr14_103519918_C_T_b38,rs1803283,1.4e-07,-0.13,Lung
ENSG00000075413.17,MARK3,chr14_103706470_C_A_b38,rs861531,1.4e-07,0.13,Lung
ENSG00000075413.17,MARK3,chr14_103557367_C_T_b38,rs7693,1.5e-07,0.13,Lung
ENSG00000075413.17,MARK3,chr14_103636440_G_A_b38,rs11624505,1.7e-07,0.13,Lung
ENSG00000075413.17,MARK3,chr14_103642750_G_A_b38,rs8018979,1.7e-07,0.13,Lung
ENSG00000075413.17,MARK3,chr14_103649984_C_T_b38,rs11849259,1.7e-07,0.13,Lung
ENSG00000075413.17,MARK3,chr14_103652161_A_G_b38,rs3783404,1.7e-07,0.13,Lung
ENSG00000075413.17,MARK3,chr14_103655647_C_T_b38,rs10145755,1.7e-07,0.13,Lung
ENSG00000075413.17,MARK3,chr14_103659800_G_T_b38,rs56660916,1.7e-07,0.13,Lung
ENSG00000075413.17,MARK3,chr14_103473342_A_G_b38,rs10141388,1.9e-07,0.13,Lung
ENSG00000075413.17,MARK3,chr14_103617120_G_A_b38,rs10134399,2e-07,0.13,Lung
ENSG00000075413.17,MARK3,chr14_103608940_G_A_b38,rs56017123,2.1e-07,0.13,Lung
ENSG00000075413.17,MARK3,chr14_103617097_CT_C_b38,rs60546585,2.1e-07,0.13,Lung
ENSG00000075413.17,MARK3,chr14_103536274_T_C_b38,rs45441198,2.1e-07,0.13,Lung
ENSG00000075413.17,MARK3,chr14_103538473_T_A_b38,rs11623470,2.2e-07,0.13,Lung
ENSG00000075413.17,MARK3,chr14_103638422_A_G_b38,rs58133129,2.3e-07,0.13,Lung
ENSG00000075413.17,MARK3,chr14_103717985_A_G_b38,rs7359090,2.4e-07,0.13,Lung
ENSG00000075413.17,MARK3,chr14_103628815_GC_G_b38,rs34975136,2.4e-07,0.13,Lung
ENSG00000075413.17,MARK3,chr14_103720539_G_A_b38,rs10143623,2.6e-07,0.13,Lung
ENSG00000075413.17,MARK3,chr14_103556413_C_T_b38,rs7154587,2.8e-07,0.13,Lung
ENSG00000075413.17,MARK3,chr14_103556607_C_T_b38,rs7154948,2.8e-07,0.13,Lung
ENSG00000075413.17,MARK3,chr14_103702364_C_T_b38,rs861534,2.9e-07,0.13,Lung
ENSG00000075413.17,MARK3,chr14_103654275_A_G_b38,rs61995780,2.9e-07,0.13,Lung
ENSG00000075413.17,MARK3,chr14_103661670_T_A_b38,rs57218990,2.9e-07,0.13,Lung
ENSG00000075413.17,MARK3,chr14_103673877_C_T_b38,rs10147049,2.9e-07,0.13,Lung
ENSG00000075413.17,MARK3,chr14_103681016_G_A_b38,rs3915733,2.9e-07,0.13,Lung
ENSG00000075413.17,MARK3,chr14_103683138_A_G_b38,rs709400,2.9e-07,0.13,Lung
ENSG00000075413.17,MARK3,chr14_103563041_C_G_b38,rs2274268,2.9e-07,0.13,Lung
ENSG00000075413.17,MARK3,chr14_103688269_C_T_b38,rs861548,3.2e-07,0.13,Lung
ENSG00000075413.17,MARK3,chr14_103412545_T_C_b38,rs4906321,3.2e-07,-0.13,Lung
ENSG00000075413.17,MARK3,chr14_103696945_G_A_b38,rs6593,3.5e-07,0.13,Lung
ENSG00000075413.17,MARK3,chr14_103677048_C_T_b38,rs2403205,3.5e-07,0.13,Lung
ENSG00000075413.17,MARK3,chr14_103600308_G_A_b38,rs7142883,3.8e-07,0.13,Lung
ENSG00000075413.17,MARK3,chr14_103561732_A_T_b38,rs28513222,3.9e-07,0.13,Lung
ENSG00000075413.17,MARK3,chr14_103699416_G_A_b38,rs861539,3.9e-07,0.13,Lung
ENSG00000075413.17,MARK3,chr14_103701227_A_G_b38,rs861536,3.9e-07,0.13,Lung
ENSG00000075413.17,MARK3,chr14_103618907_G_A_b38,rs8003090,4.1e-07,0.13,Lung
ENSG00000075413.17,MARK3,chr14_103605753_A_G_b38,rs11621777,5.1e-07,0.13,Lung
ENSG00000075413.17,MARK3,chr14_103572081_T_G_b38,rs28744517,5.3e-07,0.13,Lung
ENSG00000075413.17,MARK3,chr14_103582234_T_C_b38,rs61996717,5.3e-07,0.13,Lung
ENSG00000075413.17,MARK3,chr14_103543861_G_A_b38,rs879552,5.4e-07,0.12,Lung
ENSG00000075413.17,MARK3,chr14_103414501_AG_A_b38,rs150007229,5.5e-07,0.13,Lung
ENSG00000075413.17,MARK3,chr14_103415224_TAACA_T_b38,rs35816040,5.5e-07,0.13,Lung
ENSG00000075413.17,MARK3,chr14_103417296_G_T_b38,rs11623869,5.5e-07,0.13,Lung
ENSG00000075413.17,MARK3,chr14_103425009_C_T_b38,rs10145793,5.5e-07,0.13,Lung
ENSG00000075413.17,MARK3,chr14_103700396_C_T_b38,rs861538,5.5e-07,0.13,Lung
ENSG00000075413.17,MARK3,chr14_103595015_G_A_b38,rs61996721,6.1e-07,0.13,Lung
ENSG00000075413.17,MARK3,chr14_103602242_G_A_b38,rs55864158,6.1e-07,0.13,Lung
ENSG00000075413.17,MARK3,chr14_103536733_A_G_b38,rs2296486,7.8e-07,0.13,Lung
ENSG00000075413.17,MARK3,chr14_103536757_C_T_b38,rs2296484,7.8e-07,0.13,Lung
ENSG00000075413.17,MARK3,chr14_103479077_A_G_b38,rs7145113,7.9e-07,0.13,Lung
ENSG00000075413.17,MARK3,chr14_103387030_T_G_b38,rs1951392,8.5e-07,0.13,Lung
ENSG00000075413.17,MARK3,chr14_103395807_G_A_b38,rs1961600,8.5e-07,0.13,Lung
ENSG00000075413.17,MARK3,chr14_103395985_G_A_b38,rs2010281,8.5e-07,0.13,Lung
ENSG00000075413.17,MARK3,chr14_103398548_T_C_b38,rs72708854,8.5e-07,0.13,Lung
ENSG00000075413.17,MARK3,chr14_103539823_C_T_b38,rs11621037,9.7e-07,0.12,Lung
ENSG00000075413.17,MARK3,chr14_103391692_C_T_b38,rs113135977,1e-06,0.13,Lung
ENSG00000075413.17,MARK3,chr14_103392336_G_A_b38,rs3783394,1e-06,0.13,Lung
ENSG00000075413.17,MARK3,chr14_103403283_T_C_b38,rs11621510,1e-06,0.13,Lung
ENSG00000075413.17,MARK3,chr14_103417270_TGAG_T_b38,rs35925467,1e-06,0.13,Lung
ENSG00000075413.17,MARK3,chr14_103418314_G_A_b38,rs62007681,1e-06,0.13,Lung
ENSG00000075413.17,MARK3,chr14_103421278_A_G_b38,rs7158144,1e-06,0.13,Lung
ENSG00000075413.17,MARK3,chr14_103421987_G_A_b38,rs1028613,1e-06,0.13,Lung
ENSG00000075413.17,MARK3,chr14_103426481_T_A_b38,rs11624367,1e-06,0.13,Lung
ENSG00000075413.17,MARK3,chr14_103427734_G_T_b38,rs62007683,1e-06,0.13,Lung
ENSG00000075413.17,MARK3,chr14_103427886_T_C_b38,rs62007684,1e-06,0.13,Lung
ENSG00000075413.17,MARK3,chr14_103450621_A_G_b38,rs17679475,1e-06,0.13,Lung
ENSG00000075413.17,MARK3,chr14_103457077_A_G_b38,rs2273700,1e-06,0.13,Lung
ENSG00000075413.17,MARK3,chr14_103463198_G_A_b38,rs72708893,1e-06,0.13,Lung
ENSG00000075413.17,MARK3,chr14_103466821_A_G_b38,rs11626483,1e-06,0.13,Lung
ENSG00000075413.17,MARK3,chr14_103471816_CAAT_C_b38,rs10592836,1e-06,0.13,Lung
ENSG00000075413.17,MARK3,chr14_103515512_T_G_b38,rs72710714,1e-06,0.13,Lung
ENSG00000075413.17,MARK3,chr14_103568232_G_A_b38,rs57447494,1e-06,0.12,Lung
ENSG00000075413.17,MARK3,chr14_103570002_G_A_b38,rs59281218,1e-06,0.12,Lung
ENSG00000075413.17,MARK3,chr14_103411547_T_C_b38,rs12898029,1.1e-06,-0.12,Lung
ENSG00000075413.17,MARK3,chr14_103432914_T_G_b38,rs72708874,1.1e-06,0.12,Lung
ENSG00000075413.17,MARK3,chr14_103433007_A_G_b38,rs62007686,1.1e-06,0.12,Lung
ENSG00000075413.17,MARK3,chr14_103437426_G_T_b38,rs62007687,1.1e-06,0.12,Lung
ENSG00000075413.17,MARK3,chr14_103445857_A_T_b38,rs11622320,1.1e-06,0.12,Lung
ENSG00000075413.17,MARK3,chr14_103445858_C_T_b38,rs11622356,1.1e-06,0.12,Lung
ENSG00000075413.17,MARK3,chr14_103596029_G_A_b38,rs10140410,1.1e-06,0.12,Lung
ENSG00000075413.17,MARK3,chr14_103477800_C_T_b38,rs7160366,1.2e-06,0.12,Lung
ENSG00000075413.17,MARK3,chr14_103524462_T_C_b38,rs3759584,1.2e-06,0.12,Lung
ENSG00000075413.17,MARK3,chr14_103562909_G_A_b38,rs2274269,1.3e-06,0.12,Lung
ENSG00000075413.17,MARK3,chr14_103525064_G_A_b38,rs55723020,1.3e-06,0.12,Lung
ENSG00000075413.17,MARK3,chr14_103525412_A_G_b38,rs11626787,1.3e-06,0.12,Lung
ENSG00000075413.17,MARK3,chr14_103606028_T_C_b38,rs11626658,1.4e-06,0.13,Lung
ENSG00000075413.17,MARK3,chr14_103538220_C_T_b38,rs11627529,1.6e-06,0.12,Lung
ENSG00000075413.17,MARK3,chr14_103596677_G_A_b38,rs10143293,1.6e-06,0.12,Lung
ENSG00000075413.17,MARK3,chr14_103577878_G_T_b38,rs28660416,1.8e-06,0.12,Lung
ENSG00000075413.17,MARK3,chr14_103579757_G_A_b38,rs61996716,1.8e-06,0.12,Lung
ENSG00000075413.17,MARK3,chr14_103581420_C_T_b38,rs10149249,1.8e-06,0.12,Lung
ENSG00000075413.17,MARK3,chr14_103399448_A_G_b38,rs7140564,1.8e-06,-0.12,Lung
ENSG00000075413.17,MARK3,chr14_103402514_T_C_b38,rs4900572,1.8e-06,-0.12,Lung
ENSG00000075413.17,MARK3,chr14_103406216_G_T_b38,rs12888077,1.8e-06,-0.12,Lung
ENSG00000075413.17,MARK3,chr14_103406988_T_C_b38,rs7157631,1.8e-06,-0.12,Lung
ENSG00000075413.17,MARK3,chr14_103406989_G_A_b38,rs7156619,1.8e-06,-0.12,Lung
ENSG00000075413.17,MARK3,chr14_103408083_G_A_b38,rs12879085,1.8e-06,-0.12,Lung
ENSG00000075413.17,MARK3,chr14_103409234_T_TG_b38,rs11434062,1.8e-06,-0.12,Lung
ENSG00000075413.17,MARK3,chr14_103410117_A_G_b38,rs6575984,1.8e-06,-0.12,Lung
ENSG00000075413.17,MARK3,chr14_103410457_G_A_b38,rs7154246,1.8e-06,-0.12,Lung
ENSG00000075413.17,MARK3,chr14_103506653_T_C_b38,rs62006272,1.8e-06,0.12,Lung
ENSG00000075413.17,MARK3,chr14_103393869_G_A_b38,rs12889639,1.8e-06,-0.12,Lung
ENSG00000075413.17,MARK3,chr14_103393972_T_G_b38,rs12890750,1.8e-06,-0.12,Lung
ENSG00000075413.17,MARK3,chr14_103442952_T_C_b38,rs2403173,2e-06,0.14,Lung
ENSG00000075413.17,MARK3,chr14_103472938_G_A_b38,rs34216351,2.1e-06,0.12,Lung
ENSG00000075413.17,MARK3,chr14_103474099_G_A_b38,rs62007718,2.1e-06,0.12,Lung
ENSG00000075413.17,MARK3,chr14_103476793_G_T_b38,rs62007719,2.1e-06,0.12,Lung
ENSG00000075413.17,MARK3,chr14_103482289_G_A_b38,rs2403180,2.1e-06,0.12,Lung
ENSG00000075413.17,MARK3,chr14_103486116_A_C_b38,rs11628213,2.1e-06,0.12,Lung
ENSG00000075413.17,MARK3,chr14_103486695_T_C_b38,rs17617941,2.1e-06,0.12,Lung
ENSG00000075413.17,MARK3,chr14_103493689_A_G_b38,rs56365443,2.1e-06,0.12,Lung
ENSG00000075413.17,MARK3,chr14_103495219_C_G_b38,rs62006268,2.1e-06,0.12,Lung
ENSG00000075413.17,MARK3,chr14_103532086_G_C_b38,rs1022736,2.7e-06,0.12,Lung
ENSG00000075413.17,MARK3,chr14_103485144_C_T_b38,rs112700426,2.9e-06,0.12,Lung
ENSG00000075413.17,MARK3,chr14_103403512_G_C_b38,rs6575983,3e-06,-0.12,Lung
ENSG00000075413.17,MARK3,chr14_103523259_AC_A_b38,rs11353836,3.3e-06,-0.11,Lung
ENSG00000075413.17,MARK3,chr14_103585306_C_T_b38,rs60802358,3.5e-06,0.12,Lung
ENSG00000075413.17,MARK3,chr14_103528624_T_C_b38,rs1467561,4.6e-06,0.12,Lung
ENSG00000075413.17,MARK3,chr14_103395366_T_TC_b38,rs60514700,4.6e-06,-0.12,Lung
ENSG00000075413.17,MARK3,chr14_103395856_G_A_b38,rs1989565,4.6e-06,-0.12,Lung
ENSG00000075413.17,MARK3,chr14_103397633_G_C_b38,rs7155014,4.6e-06,-0.12,Lung
ENSG00000075413.17,MARK3,chr14_103517642_C_CAG_b38,rs10654440,8.4e-06,-0.11,Lung
ENSG00000075413.17,MARK3,chr14_103386388_C_T_b38,rs3825566,8.4e-06,-0.11,Lung
ENSG00000075413.17,MARK3,chr14_103384935_A_G_b38,rs3759579,1.7e-05,-0.1,Lung
ENSG00000075413.17,MARK3,chr14_103431976_T_C_b38,rs1951391,2e-05,0.12,Lung
ENSG00000075413.17,MARK3,chr14_103674578_C_T_b38,rs11627794,5.5e-05,0.12,Lung
ENSG00000075413.17,MARK3,chr14_103385438_C_T_b38,rs11627567,6.3e-05,0.12,Lung
ENSG00000075413.17,MARK3,chr14_103599127_A_T_b38,rs61996723,6.7e-05,0.12,Lung
ENSG00000075413.17,MARK3,chr14_103716661_C_T_b38,rs861528,6.8e-05,0.11,Lung
ENSG00000075413.17,MARK3,chr14_103517957_G_T_b38,rs2246490,7.3e-05,0.097,Lung
ENSG00000075413.17,MARK3,chr14_103451055_C_T_b38,rs62007715,7.8e-05,0.12,Lung
ENSG00000075413.17,MARK3,chr14_103501167_G_A_b38,rs11622835,9.6e-05,0.12,Lung
ENSG00000075413.17,MARK3,chr14_103582497_G_A_b38,rs61996718,1e-04,0.11,Lung
ENSG00000075413.17,MARK3,chr14_103411811_G_T_b38,rs7143609,1e-04,0.095,Lung
ENSG00000075413.17,MARK3,chr14_103638426_C_T_b38,rs59217746,0.00011,0.11,Lung
ENSG00000075413.17,MARK3,chr14_103397139_G_A_b38,rs11627052,0.00011,0.11,Lung
